-- phpMyAdmin SQL Dump
-- version 5.0.2
-- https://www.phpmyadmin.net/
--
-- Host: 127.0.0.1
-- Gegenereerd op: 28 mei 2020 om 19:41
-- Serverversie: 10.4.11-MariaDB
-- PHP-versie: 7.4.6

SET SQL_MODE = "NO_AUTO_VALUE_ON_ZERO";
START TRANSACTION;
SET time_zone = "+00:00";


/*!40101 SET @OLD_CHARACTER_SET_CLIENT=@@CHARACTER_SET_CLIENT */;
/*!40101 SET @OLD_CHARACTER_SET_RESULTS=@@CHARACTER_SET_RESULTS */;
/*!40101 SET @OLD_COLLATION_CONNECTION=@@COLLATION_CONNECTION */;
/*!40101 SET NAMES utf8mb4 */;

--
-- Database: `okereizen`
--

-- --------------------------------------------------------

--
-- Tabelstructuur voor tabel `bestemmingen`
--

CREATE TABLE `bestemmingen` (
  `bestemmingsId` int(11) NOT NULL,
  `stad` varchar(64) NOT NULL,
  `land` varchar(64) NOT NULL
) ENGINE=InnoDB DEFAULT CHARSET=utf8mb4;

--
-- Gegevens worden geëxporteerd voor tabel `bestemmingen`
--

INSERT INTO `bestemmingen` (`bestemmingsId`, `stad`, `land`) VALUES
(1, 'Madrid', 'Spanje'),
(2, 'Rome', 'Italie'),
(3, 'Krakau', 'Polen'),
(4, 'Salzburg ', 'Oosterijk'),
(5, 'Valetta ', 'Malta'),
(6, 'Kos', 'Griekeland'),
(7, 'Alvor', 'Portugal'),
(8, 'Playa De Las Americas', 'Tenerife');

-- --------------------------------------------------------

--
-- Tabelstructuur voor tabel `boekingen`
--

CREATE TABLE `boekingen` (
  `boekingsId` int(11) NOT NULL,
  `boekingsDatum` date NOT NULL,
  `heenDatum` date NOT NULL,
  `aantalDagen` int(2) NOT NULL,
  `aantalPersonen` int(2) NOT NULL
) ENGINE=InnoDB DEFAULT CHARSET=utf8mb4;

--
-- Gegevens worden geëxporteerd voor tabel `boekingen`
--

INSERT INTO `boekingen` (`boekingsId`, `boekingsDatum`, `heenDatum`, `aantalDagen`, `aantalPersonen`) VALUES
(1, '2020-03-12', '0000-00-00', 7, 2),
(2, '2020-03-10', '2020-03-13', 2, 1),
(3, '2020-01-03', '2020-02-07', 14, 2);

-- --------------------------------------------------------

--
-- Tabelstructuur voor tabel `hotel`
--

CREATE TABLE `hotel` (
  `hotelId` int(11) NOT NULL,
  `hotelNaam` varchar(64) NOT NULL,
  `hotelTelefoon` varchar(15) NOT NULL,
  `hotelMail` varchar(64) NOT NULL
) ENGINE=InnoDB DEFAULT CHARSET=utf8mb4;

--
-- Gegevens worden geëxporteerd voor tabel `hotel`
--

INSERT INTO `hotel` (`hotelId`, `hotelNaam`, `hotelTelefoon`, `hotelMail`) VALUES
(1, 'Hotel Tryp Atocha', '(34) 9133005', 'tryp.atocha@melia.com'),
(2, 'Al Manthia', '(39) 064884480', 'info@almanthiahotel.com'),
(3, 'Hotel Pod Wawelem', '(48) 124262626', 'rezerwacja@hotelpodwawelem.pl'),
(4, 'Dorint City-Hotel Salzburg', '(43) 6628820310', 'info.salzburg@dorint.com'),
(5, 'Palazzo Jean Parisot Boutique Suites', '(356) 21333565', 'pjp@roosendaal.com.mt'),
(6, 'Apollon Hotel', '(30) 2242027331', 'info@apollonhotels.gr'),
(7, 'Clube Alvor Ferias', '(351) 282430360', 'info@alvorferias.com'),
(8, 'Las Palmeras', '(34) 922790991', 'h10.las.palmeras@h10hotels.com');

-- --------------------------------------------------------

--
-- Tabelstructuur voor tabel `klanten`
--

CREATE TABLE `klanten` (
  `klantNummer` int(11) NOT NULL,
  `klantNaam` varchar(64) NOT NULL,
  `klantAdres` varchar(128) NOT NULL,
  `plaatsId` int(11) NOT NULL,
  `geboortedatum` date NOT NULL,
  `emailAdres` varchar(64) NOT NULL,
  `wachtwoord` varchar(255) NOT NULL
) ENGINE=InnoDB DEFAULT CHARSET=utf8mb4;

--
-- Gegevens worden geëxporteerd voor tabel `klanten`
--

INSERT INTO `klanten` (`klantNummer`, `klantNaam`, `klantAdres`, `plaatsId`, `geboortedatum`, `emailAdres`, `wachtwoord`) VALUES
(0, 'Admin', 'Thor Park 8040', 799, '2020-05-19', 'contact@okereizen.be', '$2y$10$ng8v9ZMp917GawSlxO026ubDsMSka5AiibZF1V4N47EG4KHrniLIO'),
(1, 'Robbert-jan Servaes', 'Grote Baan 120', 1111, '1988-01-25', 'Servaes_Robbert_Jan@hotmail.com', '$2y$10$Y/6Vyrlx12/p90iVN0ALoeszl8e3Jx9KQV1xgiPtKszF7Eojajr2i'),
(2, 'OLivier Janssen', 'zwarte brugstraat 4', 967, '1990-07-30', 'olivier.janssen@gmail.com', '$2y$10$bGcZ1Z/dkq2Vj2HM3Mn44uNiWKAGPBCMMOvwLjXQXnrxMyvwZVbs2'),
(3, 'Kristof Mentens', 'groenstraat 9', 283, '1985-10-03', 'kmjmentens@gmail.com', '$2y$10$ukknZAqYzXGlmO6eS.TufeQ873PMb9Hxie/09yHJHW2ocO5FGUXCW'),
(4, 'Evi Vandael', 'Borreshoefstraat 19', 552, '1989-03-17', 'evivandael@gmail.com', '$2y$10$83JFUCIAV2iazwkH0fpkw.2x1yA.2gqN3Y9J3JuPDxZeoyj6ER.6q');

-- --------------------------------------------------------

--
-- Tabelstructuur voor tabel `klantenreizen`
--

CREATE TABLE `klantenreizen` (
  `klantNummer` int(11) NOT NULL,
  `reisNummer` int(11) NOT NULL,
  `boekingsId` int(11) NOT NULL
) ENGINE=InnoDB DEFAULT CHARSET=utf8mb4;

--
-- Gegevens worden geëxporteerd voor tabel `klantenreizen`
--

INSERT INTO `klantenreizen` (`klantNummer`, `reisNummer`, `boekingsId`) VALUES
(2, 6, 1),
(1, 4, 2),
(4, 8, 3);

-- --------------------------------------------------------

--
-- Tabelstructuur voor tabel `klantenreviews`
--

CREATE TABLE `klantenreviews` (
  `reviewId` int(11) NOT NULL,
  `klantNummer` int(11) NOT NULL,
  `reisNummer` int(11) NOT NULL
) ENGINE=InnoDB DEFAULT CHARSET=utf8mb4;

--
-- Gegevens worden geëxporteerd voor tabel `klantenreviews`
--

INSERT INTO `klantenreviews` (`reviewId`, `klantNummer`, `reisNummer`) VALUES
(2, 2, 6),
(3, 1, 4),
(1, 4, 3);

-- --------------------------------------------------------

--
-- Stand-in structuur voor view `klantnaaminreviews`
-- (Zie onder voor de actuele view)
--
CREATE TABLE `klantnaaminreviews` (
`klantNaam` varchar(64)
);

-- --------------------------------------------------------

--
-- Tabelstructuur voor tabel `plaatsen`
--

CREATE TABLE `plaatsen` (
  `plaatsId` int(11) NOT NULL,
  `gemeente` varchar(64) DEFAULT NULL,
  `postcode` int(4) DEFAULT NULL
) ENGINE=InnoDB DEFAULT CHARSET=utf8;

--
-- Gegevens worden geëxporteerd voor tabel `plaatsen`
--

INSERT INTO `plaatsen` (`plaatsId`, `gemeente`, `postcode`) VALUES
(1, '\'S Gravenwezel', 2970),
(2, '\'S Herenelderen', 3700),
(3, '3 Suisses', 7510),
(4, 'Aaigem', 9420),
(5, 'Aalbeke', 8511),
(6, 'Aalst', 3800),
(7, 'AALST', 9300),
(8, 'AALTER', 9880),
(9, 'AARSCHOT', 3200),
(10, 'Aarsele', 8700),
(11, 'Aartrijke', 8211),
(12, 'AARTSELAAR', 2630),
(13, 'Abee,Ja', 4557),
(14, 'Abolens', 4280),
(15, 'Achel', 3930),
(16, 'Achene', 5590),
(17, 'Achet', 5362),
(18, 'Acosse', 4219),
(19, 'Acoz', 6280),
(20, 'ACTISOC', 1105),
(21, 'Adegem', 9991),
(22, 'Adinkerke', 8660),
(23, 'AFFLIGEM', 1790),
(24, 'Afsnee', 9051),
(25, 'Agimont', 5544),
(26, 'Aineffe', 4317),
(27, 'Aische-En-Refail', 5310),
(28, 'Aiseau', 6250),
(29, 'AISEAU-PRESLES', 6250),
(30, 'Aisemont', 5070),
(31, 'ALKEN', 3570),
(32, 'Alle', 5550),
(33, 'Alleur', 4432),
(34, 'Alsemberg', 1652),
(35, 'ALVERINGEM', 8690),
(36, 'AMAY', 4540),
(37, 'Amberloup', 6680),
(38, 'Ambly', 6953),
(39, 'Ambresin', 4219),
(40, 'AMEL', 4770),
(41, 'Amonines', 6997),
(42, 'Amougies', 7750),
(43, 'Ampsin', 4540),
(44, 'ANDENNE', 5300),
(45, 'ANDERLECHT', 1070),
(46, 'ANDERLUES', 6150),
(47, 'Andrimont', 4821),
(48, 'Angleur', 4031),
(49, 'Angre', 7387),
(50, 'Angreau', 7387),
(51, 'ANH?E', 5537),
(52, 'Anlier', 6721),
(53, 'Anloy', 6890),
(54, 'Annevoie-Rouillon', 5537),
(55, 'ANS', 4430),
(56, 'Anseremme', 5500),
(57, 'Anseroeul', 7750),
(58, 'Anthee', 5520),
(59, 'Antheit', 4520),
(60, 'ANTHISNES', 4160),
(61, 'ANTOING', 7640),
(62, 'ANTWERPEN', 2000),
(63, 'ANTWERPEN', 2018),
(64, 'ANTWERPEN', 2020),
(65, 'ANTWERPEN', 2030),
(66, 'ANTWERPEN', 2040),
(67, 'ANTWERPEN', 2050),
(68, 'ANTWERPEN', 2060),
(70, 'Anvaing', 7910),
(71, 'ANZEGEM', 8570),
(72, 'Appels', 9200),
(73, 'Appelterre-Eichem', 9400),
(74, 'Arbre', 5170),
(75, 'Arbre', 7811),
(76, 'Arbrefontaine', 4990),
(77, 'Arc-Ainieres', 7910),
(78, 'Arc-Wattripont', 7910),
(79, 'Archennes', 1390),
(80, 'ARDOOIE', 8850),
(81, 'ARENDONK', 2370),
(82, 'Argenteau', 4601),
(83, 'ARLON', 6700),
(84, 'Arquennes', 7181),
(85, 'Arsimont', 5060),
(86, 'Arville', 6870),
(87, 'AS', 3665),
(88, 'Aspelare', 9404),
(89, 'Asper', 9890),
(90, 'Asquillies', 7040),
(91, 'ASSE', 1730),
(92, 'Assebroek', 8310),
(94, 'ASSENEDE', 9960),
(95, 'Assenois', 6860),
(96, 'Assent', 3460),
(97, 'ASSESSE', 5330),
(98, 'Astene', 9800),
(99, 'ATH', 7800),
(100, 'Athis', 7387),
(101, 'Athus', 6791),
(102, 'Attenhoven', 3404),
(103, 'Attenrode', 3384),
(104, 'ATTERT', 6717),
(105, 'Attre', 7941),
(106, 'AUBANGE', 6790),
(107, 'Aubechies', 7972),
(108, 'AUBEL', 4880),
(109, 'Aublain', 5660),
(110, 'Auby-Sur-Semois', 6880),
(111, 'Audregnies', 7382),
(112, 'Aulnois', 7040),
(113, 'Autelbas', 6706),
(114, 'Autre-Eglise', 1367),
(115, 'Autreppe', 7387),
(116, 'Auvelais', 5060),
(117, 'Ave-Et-Auffe', 5580),
(118, 'Avekapelle', 8630),
(119, 'AVELGEM', 8580),
(120, 'Avennes', 4260),
(121, 'Averbode', 3271),
(122, 'Avernas-Le-Bauduin', 4280),
(123, 'Avin', 4280),
(124, 'AWANS', 4340),
(125, 'Awenne', 6870),
(126, 'Awirs', 4400),
(127, 'Aye', 6900),
(128, 'Ayeneux', 4630),
(129, 'AYWAILLE', 4920),
(130, 'Baaigem', 9890),
(131, 'Baal', 3128),
(132, 'Baardegem', 9310),
(133, 'BAARLE-HERTOG', 2387),
(134, 'Baasrode', 9200),
(135, 'Bachte-Maria-Leerne', 9800),
(136, 'BAELEN', 4837),
(137, 'Bagimont', 5550),
(138, 'Baileux', 6464),
(139, 'Bailievre', 6460),
(140, 'Baillamont', 5555),
(141, 'Bailleul', 7730),
(142, 'Baillonville', 5377),
(143, 'Baisieux', 7380),
(144, 'Baisy-Thy', 1470),
(145, 'Balatre', 5190),
(146, 'Balegem', 9860),
(147, 'BALEN', 2490),
(148, 'Bambrugge', 9420),
(149, 'Bande', 6951),
(150, 'Barbencon', 6500),
(151, 'Barchon', 4671),
(152, 'Baronville', 5570),
(153, 'Barry', 7534),
(154, 'Barvaux-Condroz', 5370),
(155, 'Barvaux-Sur-Ourthe', 6940),
(156, 'Bas-Oha', 4520),
(157, 'Basecles', 7971),
(158, 'Basse-Bodeux', 4983),
(159, 'BASSENGE', 4690),
(160, 'Bassevelde', 9968),
(161, 'Bassilly', 7830),
(162, 'BASTOGNE', 6600),
(163, 'Batsheers', 3870),
(164, 'Battice', 4651),
(165, 'Battignies', 7130),
(166, 'Baudour', 7331),
(167, 'Bauffe', 7870),
(168, 'Baugnies', 7604),
(169, 'Baulers', 1401),
(170, 'Bavegem', 9520),
(171, 'Bavikhove', 8531),
(172, 'Bazel', 9150),
(173, 'Beaufays', 4052),
(174, 'BEAUMONT', 6500),
(175, 'BEAURAING', 5570),
(176, 'Beausaint', 6980),
(177, 'BEAUVECHAIN', 1320),
(178, 'Beauwelz', 6594),
(179, 'Beclers', 7532),
(180, 'Beek', 3960),
(181, 'Beerlegem', 9630),
(182, 'BEERNEM', 8730),
(183, 'BEERSE', 2340),
(184, 'BEERSEL', 1650),
(185, 'Beerst', 8600),
(186, 'Beert', 1673),
(187, 'Beervelde', 9080),
(188, 'Beerzel', 2580),
(189, 'Beez', 5000),
(190, 'Beffe', 6987),
(191, 'BEGIJNENDIJK', 3130),
(192, 'Beho', 6672),
(193, 'Beigem', 1852),
(194, 'Bekegem', 8480),
(195, 'Bekkerzeel', 1730),
(196, 'BEKKEVOORT', 3460),
(198, 'Belgrade', 5001),
(199, 'Bellaire', 4610),
(200, 'Bellecourt', 7170),
(201, 'Bellefontaine', 5555),
(202, 'Bellefontaine', 6730),
(203, 'Bellegem', 8510),
(204, 'Bellem', 9881),
(205, 'Bellevaux', 6834),
(206, 'Bellevaux-Ligneuville', 4960),
(207, 'Bellingen', 1674),
(208, 'BELOEIL', 7970),
(209, 'Belsele', 9111),
(210, 'Ben-Ahin', 4500),
(211, 'Bende', 6941),
(212, 'Berbroek', 3540),
(213, 'Berchem', 2600),
(214, 'Berchem', 9690),
(215, 'Berendrecht', 2040),
(216, 'Berg', 1910),
(217, 'Berg', 3700),
(218, 'Bergilers', 4360),
(219, 'BERINGEN', 3580),
(220, 'BERLAAR', 2590),
(221, 'BERLARE', 9290),
(222, 'Berlingen', 3830),
(223, 'BERLOZ', 4257),
(224, 'Berneau', 4607),
(225, 'BERNISSART', 7320),
(226, 'Bersillies-L\'Abbaye', 6560),
(227, 'BERTEM', 3060),
(228, 'BERTOGNE', 6687),
(229, 'Bertree', 4280),
(230, 'BERTRIX', 6880),
(231, 'Berzee', 5651),
(232, 'Beselare', 8980),
(233, 'Betekom', 3130),
(234, 'Bettincourt', 4300),
(235, 'Beuzet', 5030),
(236, 'Bevel', 2560),
(237, 'BEVER', 1547),
(238, 'Beverce', 4960),
(239, 'Bevere', 9700),
(240, 'Beveren', 8791),
(241, 'Beveren', 8800),
(242, 'Beveren-Aan-De-Ijzer', 8691),
(243, 'BEVEREN-WAAS', 9120),
(244, 'Beverlo', 3581),
(245, 'Beverst', 3740),
(246, 'BEYNE-HEUSAY', 4610),
(247, 'Bienne-Lez-Happart', 6543),
(248, 'BIERBEEK', 3360),
(249, 'Biercee', 6533),
(250, 'Bierges', 1301),
(251, 'Bierghes', 1430),
(252, 'Bierset', 4460),
(253, 'Bierwart', 5380),
(254, 'Biesme', 5640),
(255, 'Biesme-Sous-Thuin', 6531),
(256, 'Biesmeree', 5640),
(257, 'BI?VRE', 5555),
(258, 'Biez', 1390),
(259, 'Bihain', 6690),
(260, 'Bikschote', 8920),
(261, 'Bilstain', 4831),
(262, 'BILZEN', 3740),
(263, 'BINCHE', 7130),
(264, 'Binderveld', 3850),
(265, 'Binkom', 3211),
(266, 'Bioul', 5537),
(267, 'Bissegem', 8501),
(268, 'Bizet', 7783),
(269, 'Blaasveld', 2830),
(270, 'Blaimont', 5542),
(271, 'Blandain', 7522),
(272, 'Blanden', 3052),
(273, 'BLANKENBERGE', 8370),
(274, 'Blaregnies', 7040),
(275, 'Blaton', 7321),
(276, 'Blaugies', 7370),
(277, 'BLEGNY', 4670),
(278, 'Bleharies', 7620),
(279, 'Blehen', 4280),
(280, 'Bleid', 6760),
(281, 'Bleret', 4300),
(282, 'Blicquy', 7903),
(283, 'BOCHOLT', 3950),
(284, 'Bodegnee', 4537),
(285, 'BOECHOUT', 2530),
(286, 'Boekhout', 3890),
(287, 'Boekhoute', 9961),
(288, 'Bo?lhe', 4250),
(289, 'Boezinge', 8904),
(290, 'Bogaarden', 1670),
(291, 'Bohan', 5550),
(292, 'Boignee', 5140),
(293, 'Boirs', 4690),
(294, 'Bois-D\'Haine', 7170),
(295, 'Bois-De-Lessines', 7866),
(296, 'Bois-De-Villers', 5170),
(297, 'Bois-Et-Borsu', 4560),
(298, 'Bolinne', 5310),
(299, 'Bolland', 4653),
(300, 'Bomal', 1367),
(301, 'Bomal-Sur-Ourthe', 6941),
(302, 'Bombaye', 4607),
(303, 'Bommershoven', 3840),
(304, 'Bon-Secours', 7603),
(305, 'Boncelles', 4100),
(306, 'Boneffe', 5310),
(307, 'BONHEIDEN', 2820),
(308, 'Boninne', 5021),
(309, 'Bonlez', 1325),
(310, 'Bonnert', 6700),
(311, 'Bonneville', 5300),
(312, 'Bonsin', 5377),
(313, 'Booischot', 2221),
(314, 'Booitshoeke', 8630),
(315, 'BOOM', 2850),
(316, 'Boorsem', 3631),
(317, 'BOORTMEERBEEK', 3190),
(318, 'Borchtlombeek', 1761),
(319, 'Borgerhout', 2140),
(320, 'BORGLOON', 3840),
(321, 'Borlez', 4317),
(322, 'Borlo', 3891),
(323, 'Borlon', 6941),
(324, 'BORNEM', 2880),
(325, 'Bornival', 1404),
(326, 'BORSBEEK', 2150),
(327, 'Borsbeke', 9552),
(328, 'Bossiere', 5032),
(329, 'Bossuit', 8583),
(330, 'Bossut-Gottechain', 1390),
(331, 'Bost', 3300),
(332, 'Bothey', 5032),
(333, 'Bottelare', 9820),
(334, 'Bouffioulx', 6200),
(335, 'Bouge', 5004),
(336, 'Bougnies', 7040),
(337, 'BOUILLON', 6830),
(338, 'Bourlers', 6464),
(339, 'Bourseigne-Neuve', 5575),
(340, 'Bourseigne-Vieille', 5575),
(341, 'Boussoit', 7110),
(342, 'BOUSSU', 7300),
(343, 'Boussu-En-Fagne', 5660),
(344, 'Boussu-Lez-Walcourt', 6440),
(345, 'Bousval', 1470),
(346, 'BOUTERSEM', 3370),
(347, 'Bouvignes-Sur-Meuse', 5500),
(348, 'Bouvignies', 7803),
(349, 'Bouwel', 2288),
(350, 'Bovekerke', 8680),
(351, 'Bovelingen', 3870),
(352, 'Bovenistier', 4300),
(353, 'Bovesse', 5081),
(354, 'Bovigny', 6671),
(355, 'Bra', 4990),
(356, 'Braffe', 7604),
(357, 'Braibant', 5590),
(358, 'BRAINE-L\'ALLEUD', 1420),
(359, 'BRAINE-LE-CH?TEAU', 1440),
(360, 'BRAINE-LE-COMTE', 7090),
(361, 'BRAIVES', 4260),
(362, 'BRAKEL', 9660),
(363, 'Branchon', 5310),
(364, 'Bras', 6800),
(365, 'Brasm?nil', 7604),
(366, 'BRASSCHAAT', 2930),
(367, 'Bray', 7130),
(368, 'BRECHT', 2960),
(369, 'BREDENE', 8450),
(370, 'BREE', 3960),
(371, 'Breendonk', 2870),
(372, 'Bressoux', 4020),
(373, 'Brielen', 8900),
(374, 'Broechem', 2520),
(375, 'Broekom', 3840),
(376, 'Brucargo', 1931),
(377, 'BRUGELETTE', 7940),
(378, 'BRUGGE', 8000),
(379, 'Bruly', 5660),
(380, 'Bruly-De-Pesche', 5660),
(381, 'BRUNEHAUT', 7620),
(382, 'Brussegem', 1785),
(383, 'BRUSSEL', 1000),
(385, 'Brustem', 3800),
(386, 'Bruyelle', 7641),
(387, 'Brye', 6222),
(388, 'Budingen', 3440),
(389, 'BUGGENHOUT', 9255),
(390, 'Buissenal', 7911),
(391, 'Buissonville', 5580),
(392, 'Buizingen', 1501),
(393, 'Buken', 1910),
(394, 'Bulskamp', 8630),
(395, 'Bunsbeek', 3380),
(396, 'Burcht', 2070),
(397, 'BURDINNE', 4210),
(398, 'Bure', 6927),
(399, 'BURG-REULAND', 4790),
(400, 'Burst', 9420),
(401, 'Bury', 7602),
(402, 'BUTGENBACH', 4750),
(403, 'Buvingen', 3891),
(404, 'Buvrinnes', 7133),
(405, 'Buzenol', 6743),
(406, 'Buzet', 6230),
(407, 'BULLINGEN', 4760),
(408, 'Callenelle', 7604),
(409, 'Calonne', 7642),
(410, 'Cambron-Casteau', 7940),
(411, 'Cambron-Saint-Vincent', 7870),
(412, 'Cargovil', 1804),
(413, 'Carlsbourg', 6850),
(414, 'Carni?res', 7141),
(415, 'Casteau', 7061),
(416, 'Castillon', 5650),
(417, 'Celles', 4317),
(418, 'Celles', 5561),
(419, 'CELLES', 7760),
(420, 'Cerexhe-Heuseux', 4632),
(421, 'CERFONTAINE', 5630),
(422, 'Ceroux-Mousty', 1341),
(423, 'Chaineux', 4650),
(424, 'Chairi?re', 5550),
(425, 'Champion', 5020),
(426, 'Champlon', 6971),
(427, 'Chanly', 6921),
(428, 'Chantemelle', 6742),
(429, 'Chapelle-A-Oie', 7903),
(430, 'Chapelle-A-Wattines', 7903),
(431, 'CHAPELLE-LEZ-HERLAIMONT', 7160),
(432, 'Chapon-Seraing', 4537),
(433, 'CHARLEROI', 6000),
(435, 'Charneux', 4654),
(436, 'Chassepierre', 6824),
(437, 'CHASTRE', 1450),
(438, 'Chastre-Villeroux-Blanmont', 1450),
(439, 'Chastres', 5650),
(440, 'CHATELET', 6200),
(441, 'Chatelineau', 6200),
(442, 'Chatillon', 6747),
(443, 'CHAUDFONTAINE', 4050),
(444, 'CHAUMONT-GISTOUX', 1325),
(445, 'Chaussee-Notre-Dame-Louvignies', 7063),
(446, 'Chenee', 4032),
(447, 'Cherain', 6673),
(448, 'Cheratte', 4602),
(449, 'Chercq', 7521),
(450, 'Chevetogne', 5590),
(451, 'Chevron', 4987),
(452, 'CHI?VRES', 7950),
(453, 'CHIMAY', 6460),
(454, 'CHINY', 6810),
(455, 'Chokier', 4400),
(456, 'Christelijke Sociale Organisaties', 1031),
(457, 'Ciergnon', 5560),
(458, 'CINEY', 5590),
(459, 'Ciplet', 4260),
(460, 'Ciply', 7024),
(461, 'Clabecq', 1480),
(462, 'CLAVIER', 4560),
(463, 'Clermont', 4890),
(464, 'Clermont', 5650),
(465, 'Clermont-Sous-Huy', 4480),
(466, 'Cognel?e,Ja', 5022),
(467, 'COLFONTAINE', 7340),
(468, 'COMBLAIN-AU-PONT', 4170),
(469, 'Comblain-Fairon', 4180),
(470, 'Comblain-La-Tour', 4180),
(471, 'Conneux', 5590),
(472, 'Corbais', 1435),
(473, 'Corbion', 6838),
(474, 'Cordes', 7910),
(475, 'Corenne', 5620),
(476, 'Cornesse', 4860),
(477, 'Cornimont', 5555),
(478, 'Corporate Village', 1935),
(479, 'Corroy-Le-Ch?teau', 5032),
(480, 'Corroy-Le-Grand', 1325),
(481, 'Corswarem', 4257),
(482, 'Cortil-Noirmont', 1450),
(483, 'Cortil-Wodon', 5380),
(484, 'Couillet', 6010),
(485, 'Cour-Sur-Heure', 6120),
(486, 'COURCELLES', 6180),
(487, 'Courri?re', 5336),
(488, 'COURT-SAINT-ETIENNE', 1490),
(489, 'Couthuin', 4218),
(490, 'Coutisse', 5300),
(491, 'Couture-Saint-Germain', 1380),
(492, 'COUVIN', 5660),
(493, 'Cras-Avernas', 4280),
(494, 'Crehen', 4280),
(495, 'CRISN?E', 4367),
(496, 'Croix-Lez-Rouveroy', 7120),
(497, 'Crombach', 4784),
(498, 'Crupet', 5332),
(499, 'CSM Charleroi X', 6075),
(500, 'CSM Gent X', 9075),
(501, 'Cuesmes', 7033),
(502, 'Cugnon', 6880),
(503, 'Cul-Des-Sarts', 5660),
(504, 'Custinne', 5562),
(505, 'Dadizele', 8890),
(506, 'Dailly', 5660),
(507, 'Daknam', 9160),
(508, 'DALHEM', 4607),
(509, 'DAMME', 8340),
(510, 'Dampicourt', 6767),
(511, 'Dampremy', 6020),
(512, 'Darion', 4253),
(513, 'Daussois', 5630),
(514, 'Daussoulx', 5020),
(515, 'Dave', 5100),
(516, 'DAVERDISSE', 6929),
(517, 'DE HAAN', 8420),
(518, 'De Klinge', 9170),
(519, 'De Moeren', 8630),
(520, 'DE PANNE', 8660),
(521, 'DE PINTE', 9840),
(522, 'DEERLIJK', 8540),
(523, 'Deftinge', 9570),
(524, 'DEINZE', 9800),
(525, 'Denderbelle', 9280),
(526, 'Denderhoutem', 9450),
(527, 'DENDERLEEUW', 9470),
(528, 'DENDERMONDE', 9200),
(529, 'Denderwindeke', 9400),
(530, 'Den?e,Ja', 5537),
(531, 'DENTERGEM', 8720),
(532, 'Dergneau', 7912),
(533, 'DESSEL', 2480),
(534, 'Desselgem', 8792),
(535, 'DESTELBERGEN', 9070),
(536, 'Desteldonk', 9042),
(537, 'Deurle', 9831),
(538, 'Deurne', 2100),
(539, 'Deurne', 3290),
(540, 'Deux-Acren', 7864),
(541, 'Dhuy', 5310),
(542, 'Diegem', 1831),
(543, 'DIEPENBEEK', 3590),
(544, 'DIEST', 3290),
(545, 'Diets-Heur', 3700),
(546, 'Dikkebus', 8900),
(547, 'Dikkele', 9630),
(548, 'Dikkelvenne', 9890),
(549, 'DIKSMUIDE', 8600),
(550, 'DILBEEK', 1700),
(551, 'Dilsen', 3650),
(552, 'DILSEN-STOKKEM', 3650),
(553, 'DINANT', 5500),
(554, 'Dion', 5570),
(555, 'Dion-Valmont', 1325),
(556, 'DISON', 4820),
(557, 'Dochamps', 6960),
(558, 'Doel', 9130),
(559, 'Dohan', 6836),
(560, 'DOISCHE', 5680),
(561, 'Dolembreux', 4140),
(562, 'DONCEEL', 4357),
(563, 'Dongelberg', 1370),
(564, 'Donk', 3540),
(565, 'Donstiennes', 6536),
(566, 'Dorinne', 5530),
(567, 'Dormaal', 3440),
(568, 'Dottenijs', 7711),
(569, 'DOUR', 7370),
(570, 'Dourbes', 5670),
(571, 'Dranouter', 8951),
(572, 'Dr?hance', 5500),
(573, 'Driekapellen', 8600),
(574, 'Drieslinter', 3350),
(575, 'DROGENBOS', 1620),
(576, 'Drongen', 9031),
(577, 'Dudzele', 8380),
(578, 'DUFFEL', 2570),
(579, 'Duisburg', 3080),
(580, 'Duras', 3803),
(581, 'DURBUY', 6940),
(582, 'Durnal', 5530),
(583, 'Dworp', 1653),
(584, 'Eben-Emael', 4690),
(585, 'Ebly', 6860),
(586, 'ECAUSSINNES', 7190),
(587, 'Ecaussinnes-D\'Enghien', 7190),
(588, 'Ecaussinnes-Lalaing', 7191),
(589, 'EDEGEM', 2650),
(590, 'Edelare', 9700),
(591, 'EDINGEN', 7850),
(592, 'EEKLO', 9900),
(593, 'Eernegem', 8480),
(594, 'Egem', 8740),
(595, 'Eggewaartskapelle', 8630),
(596, 'EGHEZ?E', 5310),
(597, 'Ehein', 4120),
(598, 'Ehein', 4480),
(599, 'Eigenbilzen', 3740),
(600, 'Eindhout', 2430),
(601, 'Eine', 9700),
(602, 'Eisden', 3630),
(603, 'Eke', 9810),
(604, 'Ekeren', 2180),
(605, 'Eksaarde', 9160),
(606, 'Eksel', 3941),
(607, 'Elen', 3650),
(608, 'Elene', 9620),
(609, 'Elewijt', 1982),
(610, 'Eliksem', 3400),
(611, 'Elingen', 1671),
(612, 'Ellemelle', 4590),
(613, 'ELLEZELLES', 7890),
(614, 'Ellignies-Lez-Frasnes', 7910),
(615, 'Ellignies-Sainte-Anne', 7972),
(616, 'Ellikom', 3670),
(617, 'Elouges', 7370),
(618, 'Elsegem', 9790),
(619, 'Elsenborn', 4750),
(620, 'ELSENE', 1050),
(621, 'Elst', 9660),
(622, 'Elverdinge', 8906),
(623, 'Elversele', 9140),
(624, 'Emblem', 2520),
(625, 'Embourg', 4053),
(626, 'Emelgem', 8870),
(627, 'Emines', 5080),
(628, 'Emptinne', 5363),
(629, 'Ename', 9700),
(630, 'Engelmanshoven', 3800),
(631, 'ENGIS', 4480),
(632, 'Enines', 1350),
(633, 'Ensival', 4800),
(634, 'Epinois', 7134),
(635, 'Eppegem', 1980),
(636, 'Eprave', 5580),
(637, 'Erbaut', 7050),
(638, 'Erbisoeul', 7050),
(639, 'Ere', 7500),
(640, 'Erembodegem', 9320),
(641, 'EREZ?E', 6997),
(642, 'Ermeton-Sur-Biert', 5644),
(643, 'Ernage', 5030),
(644, 'Erneuville', 6972),
(645, 'Ernonheid', 4920),
(646, 'Erondegem', 9420),
(647, 'Erpe', 9420),
(648, 'ERPE-MERE', 9420),
(649, 'Erpent', 5101),
(650, 'Erpion', 6441),
(651, 'Erps-Kwerps', 3071),
(652, 'ERQUELINNES', 6560),
(653, 'Erquennes', 7387),
(654, 'Ertvelde', 9940),
(655, 'Erwetegem', 9620),
(656, 'Escanaffles', 7760),
(657, 'Esen', 8600),
(658, 'ESNEUX', 4130),
(659, 'Esplechin', 7502),
(660, 'Esquelmes', 7743),
(661, 'ESSEN', 2910),
(662, 'Essene', 1790),
(663, 'Estaimbourg', 7730),
(664, 'ESTAIMPUIS', 7730),
(665, 'ESTINNES', 7120),
(666, 'Estinnes-Au-Mont', 7120),
(667, 'Estinnes-Au-Val', 7120),
(668, 'ETALLE', 6740),
(669, 'Ethe', 6760),
(670, 'Etikhove', 9680),
(671, 'Ettelgem', 8460),
(672, 'ETTERBEEK', 1040),
(673, 'Eugies', 7080),
(674, 'EUPEN', 4700),
(675, 'European External Action Service', 1046),
(676, 'Europees Parlement', 1047),
(677, 'Europese unie - Commissie', 1049),
(678, 'Europese unie - Raad', 1048),
(679, 'Evegn?e,Ja', 4631),
(680, 'Evelette', 5350),
(681, 'Everbeek', 9660),
(682, 'Everberg', 3078),
(683, 'EVERE', 1140),
(684, 'EVERGEM', 9940),
(685, 'Evregnies', 7730),
(686, 'Evrehailles', 5530),
(687, 'Eynatten', 4731),
(688, 'Ezemaal', 3400),
(689, 'Fagnolle', 5600),
(690, 'FAIMES', 4317),
(691, 'Fala?n,Ja', 5522),
(692, 'Falisolle', 5060),
(693, 'Fallais', 4260),
(694, 'Falmagne', 5500),
(695, 'Falmignoul', 5500),
(696, 'Familleureux', 7181),
(697, 'FARCIENNES', 6240),
(698, 'Faulx-Les-Tombes', 5340),
(699, 'Fauroeulx', 7120),
(700, 'FAUVILLERS', 6637),
(701, 'Faymonville', 4950),
(702, 'Fays-Les-Veneurs', 6856),
(703, 'Fayt-Le-Franc', 7387),
(704, 'Fayt-Lez-Manage', 7170),
(705, 'Felenne', 5570),
(706, 'Feluy', 7181),
(707, 'Feneur', 4607),
(708, 'FERNELMONT', 5380),
(709, 'FERRI?RES', 4190),
(710, 'Feschaux', 5570),
(711, 'FEXHE-LE-HAUT-CLOCHER', 4347),
(712, 'Fexhe-Slins', 4458),
(713, 'Filot', 4181),
(714, 'Finnevaux', 5560),
(715, 'Fize-Fontaine', 4530),
(716, 'Fize-Le-Marsal', 4367),
(717, 'Flamierge', 6686),
(718, 'Flavion', 5620),
(719, 'Flawinne', 5020),
(720, 'FL?MALLE', 4400),
(721, 'Fl?malle-Grande', 4400),
(722, 'Fl?malle-Haute', 4400),
(723, 'Fl?nu', 7012),
(724, 'FL?RON', 4620),
(725, 'FLEURUS', 6220),
(726, 'Fl?ne,Ja', 4540),
(727, 'Flor?e,Ja', 5334),
(728, 'FLOREFFE', 5150),
(729, 'FLORENNES', 5620),
(730, 'FLORENVILLE', 6820),
(731, 'Floriffoux', 5150),
(732, 'Flostoy', 5370),
(733, 'Focant', 5572),
(734, 'FOD Mobiliteit', 1212),
(735, 'Folx-Les-Caves', 1350),
(736, 'FONTAINE-L\'EV?QUE', 6140),
(737, 'Fontaine-Valmont', 6567),
(738, 'Fontenelle', 5650),
(739, 'Fontenoille', 6820),
(740, 'Fontenoy', 7643),
(741, 'Fooz', 4340),
(742, 'Forchies-La-Marche', 6141),
(743, 'Forest', 7910),
(744, 'For?t,Ja', 4870),
(745, 'Forge-Philippe', 6596),
(746, 'Forges', 6464),
(747, 'Forri?res', 6953),
(748, 'Forville', 5380),
(749, 'Fosse', 4980),
(750, 'FOSSES-LA-VILLE', 5070),
(751, 'Fouleng', 7830),
(752, 'Fourbechies', 6440),
(753, 'Foy-Notre-Dame', 5504),
(754, 'Fraipont', 4870),
(755, 'Fraire', 5650),
(756, 'Fraiture', 4557),
(757, 'FRAMERIES', 7080),
(758, 'Framont', 6853),
(759, 'Franc-Waret', 5380),
(760, 'Franchimont', 5600),
(761, 'Francorchamps', 4970),
(762, 'Frani?re', 5150),
(763, 'Frasnes', 5660),
(764, 'FRASNES-LEZ-ANVAING', 7910),
(765, 'Frasnes-Lez-Buissenal', 7911),
(766, 'Frasnes-Lez-Gosselies', 6210),
(767, 'Freloux', 4347),
(768, 'Freux', 6800),
(769, 'FROIDCHAPELLE', 6440),
(770, 'Froidfontaine', 5576),
(771, 'Froidmont', 7504),
(772, 'Fronville', 6990),
(773, 'Froyennes', 7503),
(774, 'Fumal', 4260),
(775, 'Furfooz', 5500),
(776, 'Furnaux', 5641),
(777, 'Gaasbeek', 1750),
(778, 'Gages', 7943),
(779, 'Gallaix', 7906),
(780, 'GALMAARDEN', 1570),
(781, 'GANSHOREN', 1083),
(782, 'Gaurain-Ramecroix', 7530),
(783, 'GAVERE', 9890),
(784, 'GEDINNE', 5575),
(785, 'GEEL', 2440),
(786, 'GEER', 4250),
(787, 'Geest-G?rompont-Petit-Rosi?re', 1367),
(788, 'GEETBETS', 3450),
(789, 'Gelbress?e,Ja', 5024),
(790, 'Gelinden', 3800),
(791, 'Gellik', 3620),
(792, 'Gelrode', 3200),
(793, 'Geluveld', 8980),
(794, 'Geluwe', 8940),
(795, 'Gembes', 6929),
(796, 'GEMBLOUX', 5030),
(797, 'Gemmenich', 4851),
(798, 'GENAPPE', 1470),
(799, 'GENK', 3600),
(800, 'Genly', 7040),
(801, 'Genoelselderen', 3770),
(802, 'GENT', 9000),
(803, 'Gent X', 9099),
(804, 'Gentbrugge', 9050),
(805, 'Gentinnes', 1450),
(806, 'Genval', 1332),
(807, 'GERAARDSBERGEN', 9500),
(808, 'Gerdingen', 3960),
(809, 'G?rin', 5524),
(810, 'G?rompont', 1367),
(811, 'G?rouville', 6769),
(812, 'GERPINNES', 6280),
(813, 'Gestel', 2590),
(814, 'GESVES', 5340),
(815, 'Ghislenghien', 7822),
(816, 'Ghlin', 7011),
(817, 'Ghoy', 7863),
(818, 'Gibecq', 7823),
(819, 'Gierle', 2275),
(820, 'Gijverinkhove', 8691),
(821, 'Gijzegem', 9308),
(822, 'Gijzelbrechtegem', 8570),
(823, 'Gijzenzele', 9860),
(824, 'Gilly', 6060),
(825, 'Gimn?e,Ja', 5680),
(826, 'GINGELOM', 3890),
(827, 'GISTEL', 8470),
(828, 'Gits', 8830),
(829, 'Givry', 7041),
(830, 'Glabais', 1473),
(831, 'GLABBEEK', 3380),
(832, 'Glain', 4000),
(833, 'Gleixhe', 4400),
(834, 'Glimes', 1315),
(835, 'Glons', 4690),
(836, 'Gochen?e,Ja', 5680),
(837, 'Godarville', 7160),
(838, 'Godinne', 5530),
(839, 'Godveerdegem', 9620),
(840, 'Go?,Ja', 4834),
(841, 'Goeferdinge', 9500),
(842, 'Goegnies-Chauss?e,Ja', 7040),
(843, 'Goesnes', 5353),
(844, 'Goetsenhoven', 3300),
(845, 'Gomz?-Andoumont', 4140),
(846, 'Gondregnies', 7830),
(847, 'Gonrieux', 5660),
(848, 'Gontrode', 9090),
(849, 'GOOIK', 1755),
(850, 'Gors-Opleeuw', 3840),
(851, 'Gorsem', 3803),
(852, 'Gosselies', 6041),
(853, 'Gotem', 3840),
(854, 'Gottem', 9800),
(855, 'Gottignies', 7070),
(856, 'Gougnies', 6280),
(857, 'Gourdinne', 5651),
(858, 'Goutroux', 6030),
(859, 'GOUVY', 6670),
(860, 'Gouy-Lez-Pi?ton', 6181),
(861, 'Goz?e,Ja', 6534),
(862, 'Gr?ce-Berleur', 4460),
(863, 'GR?CE-HOLLOGNE', 4460),
(864, 'Graide', 5555),
(865, 'Grammene', 9800),
(866, 'Grand-Axhe', 4300),
(867, 'Grand-Hallet', 4280),
(868, 'Grand-Halleux', 6698),
(869, 'Grand-Leez', 5031),
(870, 'Grand-Manil', 5030),
(871, 'Grand-Rechain', 4650),
(872, 'Grand-Reng', 6560),
(873, 'Grand-Rosi?re-Hottomont', 1367),
(874, 'Grandglise', 7973),
(875, 'Grandhan', 6940),
(876, 'Grandm?nil', 6960),
(877, 'Grandmetz', 7900),
(878, 'Grandrieu', 6470),
(879, 'Grandville', 4360),
(880, 'Grandvoir', 6840),
(881, 'Grapfontaine', 6840),
(882, 'Graty', 7830),
(883, 'Graux', 5640),
(884, 'Grazen', 3450),
(885, 'Grembergen', 9200),
(886, 'GREZ-DOICEAU', 1390),
(887, 'GRIMBERGEN', 1850),
(888, 'Grimminge', 9506),
(889, 'Grivegn?e,Ja', 4030),
(890, 'GROBBENDONK', 2280),
(891, 'Groot-Bijgaarden', 1702),
(892, 'Groot-Gelmen', 3800),
(893, 'Groot-Loon', 3840),
(894, 'Gros-Fays', 5555),
(895, 'Grosage', 7950),
(896, 'Grote-Brogel', 3990),
(897, 'Grote-Spouwen', 3740),
(898, 'Grotenberge', 9620),
(899, 'Gruitrode', 3670),
(900, 'Grune', 6952),
(901, 'Grupont', 6927),
(902, 'Guignies', 7620),
(903, 'Guigoven', 3723),
(904, 'Guirsch', 6704),
(905, 'Gullegem', 8560),
(906, 'Gutshoven', 3870),
(907, 'HAACHT', 3150),
(908, 'HAALTERT', 9450),
(909, 'Haasdonk', 9120),
(910, 'Haasrode', 3053),
(911, 'HABAY', 6720),
(912, 'Habay-La-Neuve', 6720),
(913, 'Habay-La-Vieille', 6723),
(914, 'Habergy', 6782),
(915, 'Haccourt', 4684),
(916, 'Hachy', 6720),
(917, 'Hacquegnies', 7911),
(918, 'Haillot', 5351),
(919, 'Haine-Saint-Paul', 7100),
(920, 'Haine-Saint-Pierre', 7100),
(921, 'Hainin', 7350),
(922, 'Hakendover', 3300),
(923, 'Halanzy', 6792),
(924, 'HALEN', 3545),
(925, 'Hallaar', 2220),
(926, 'HALLE', 1500),
(927, 'Halle', 2980),
(928, 'Halle-Booienhoven', 3440),
(929, 'Halleux', 6986),
(930, 'Halma', 6922),
(931, 'Halmaal', 3800),
(932, 'Haltinne', 5340),
(933, 'HAM', 3945),
(934, 'HAM-SUR-HEURE', 6120),
(935, 'Ham-Sur-Sambre', 5190),
(936, 'Hamipr?,Ja', 6840),
(937, 'Hamme', 1785),
(938, 'HAMME', 9220),
(939, 'Hamme-Mille', 1320),
(940, 'HAMOIR', 4180),
(941, 'HAMOIS', 5360),
(942, 'Hamont', 3930),
(943, 'HAMONT-ACHEL', 3930),
(944, 'Hampteau', 6990),
(945, 'Han-Sur-Lesse', 5580),
(946, 'Handzame', 8610),
(947, 'Haneffe', 4357),
(948, 'Hann?che', 4210),
(949, 'HANNUT', 4280),
(950, 'Hanret', 5310),
(951, 'Hansbeke', 9850),
(952, 'Hantes-Wih?ries', 6560),
(953, 'Hanzinelle', 5621),
(954, 'Hanzinne', 5621),
(955, 'Harchies', 7321),
(956, 'HARELBEKE', 8530),
(957, 'Haren', 1130),
(958, 'Haren', 3700),
(959, 'Haren', 3840),
(960, 'Hargimont', 6900),
(961, 'Harmignies', 7022),
(962, 'Harnoncourt', 6767),
(963, 'Harre', 6960),
(964, 'Harsin', 6950),
(965, 'Harveng', 7022),
(966, 'Harz?,Ja', 4920),
(967, 'HASSELT', 3500),
(968, 'HASTI?RE', 5540),
(969, 'Hasti?re-Lavaux', 5540),
(970, 'Hasti?re-Par-Del?,Ja', 5541),
(971, 'Hatrival', 6870),
(972, 'Haulchin', 7120),
(973, 'Hauset', 4730),
(974, 'Haut-Fays', 6929),
(975, 'Haut-Ittre', 1461),
(976, 'Haut-Le-Wastia', 5537),
(977, 'Hautrage', 7334),
(978, 'Havay', 7041),
(979, 'HAVELANGE', 5370),
(980, 'Haversin', 5590),
(981, 'Havinnes', 7531),
(982, 'Havr?,Ja', 7021),
(983, 'Hechtel', 3940),
(984, 'HECHTEL-EKSEL', 3940),
(985, 'Heer', 5543),
(986, 'HEERS', 3870),
(987, 'Hees', 3740),
(988, 'Heestert', 8551),
(989, 'Heffen', 2801),
(990, 'Heikruis', 1670),
(991, 'Heindonk', 2830),
(992, 'Heinsch', 6700),
(993, 'Heist-Aan-Zee', 8301),
(994, 'HEIST-OP-DEN-BERG', 2220),
(995, 'Hekelgem', 1790),
(996, 'Heks', 3870),
(997, 'Helchteren', 3530),
(998, 'Heldergem', 9450),
(999, 'H?L?CINE', 1357),
(1000, 'Helen-Bos', 3440),
(1001, 'Helkijn', 8587),
(1002, 'Hellebecq', 7830),
(1003, 'Hemelveerdegem', 9571),
(1004, 'HEMIKSEM', 2620),
(1005, 'Hemptinne', 5380),
(1006, 'Hemptinne-Lez-Florennes', 5620),
(1007, 'Hendrieken', 3840),
(1008, 'Henis', 3700),
(1009, 'Hennuy?res', 7090),
(1010, 'Henri-Chapelle', 4841),
(1011, 'Henripont', 7090),
(1012, 'HENSIES', 7350),
(1013, 'Heppen', 3971),
(1014, 'Heppenbach', 4771),
(1015, 'Heppignies', 6220),
(1016, 'HERBEUMONT', 6887),
(1017, 'Herchies', 7050),
(1018, 'Herderen', 3770),
(1019, 'Herdersem', 9310),
(1020, 'HERENT', 3020),
(1021, 'HERENTALS', 2200),
(1022, 'HERENTHOUT', 2270),
(1023, 'Herfelingen', 1540),
(1024, 'Hergenrath', 4728),
(1025, 'H?rinnes-Lez-Pecq', 7742),
(1026, 'HERK-DE-STAD', 3540),
(1027, 'Hermalle-Sous-Argenteau', 4681),
(1028, 'Hermalle-Sous-Huy', 4480),
(1029, 'Herm?e,Ja', 4680),
(1030, 'Hermeton-Sur-Meuse', 5540),
(1031, 'HERNE', 1540),
(1032, 'H?RON', 4217),
(1033, 'Herquegies', 7911),
(1034, 'Herseaux', 7712),
(1035, 'HERSELT', 2230),
(1036, 'HERSTAL', 4040),
(1037, 'HERSTAPPE', 3717),
(1038, 'Hertain', 7522),
(1039, 'Herten', 3831),
(1040, 'Hertsberge', 8020),
(1041, 'HERVE', 4650),
(1042, 'HERZELE', 9550),
(1043, 'Heule', 8501),
(1044, 'Heure', 5377),
(1045, 'Heure-Le-Romain', 4682),
(1046, 'Heurne', 9700),
(1047, 'Heusden', 3550),
(1048, 'Heusden', 9070),
(1049, 'HEUSDEN-ZOLDER', 3550),
(1050, 'Heusy', 4802),
(1051, 'HEUVELLAND', 8950),
(1052, 'Hever', 3191),
(1053, 'Heverlee', 3001),
(1054, 'H?villers', 1435),
(1055, 'Heyd', 6941),
(1056, 'HighCo DATA', 1733),
(1057, 'Hillegem', 9550),
(1058, 'Hingene', 2880),
(1059, 'Hingeon', 5380),
(1060, 'Hives', 6984),
(1061, 'Hoboken', 2660),
(1062, 'Hodeige', 4351),
(1063, 'Hodister', 6987),
(1064, 'Hody', 4162),
(1065, 'HOEGAARDEN', 3320),
(1066, 'HOEILAART', 1560),
(1067, 'Hoeke', 8340),
(1068, 'Hoelbeek', 3746),
(1069, 'Hoeleden', 3471),
(1070, 'Hoepertingen', 3840),
(1071, 'HOESELT', 3730),
(1072, 'Hoevenen', 2940),
(1073, 'Hofstade', 1981),
(1074, 'Hofstade', 9308),
(1075, 'Hogne', 5377),
(1076, 'Hognoul', 4342),
(1077, 'Hollain', 7620),
(1078, 'Hollange', 6637),
(1079, 'Hollebeke', 8902),
(1080, 'Hollogne-Aux-Pierres', 4460),
(1081, 'Hollogne-Sur-Geer', 4250),
(1082, 'HOLSBEEK', 3220),
(1083, 'Hombeek', 2811),
(1084, 'Hombourg', 4852),
(1085, 'Hompr?,Ja', 6640),
(1086, 'Hondelange', 6780),
(1087, 'Honnay', 5570),
(1088, 'HONNELLES', 7387),
(1089, 'HOOGLEDE', 8830),
(1090, 'Hoogstade', 8690),
(1091, 'HOOGSTRATEN', 2320),
(1092, 'HOREBEKE', 9667),
(1093, 'Horion-Hoz?mont', 4460),
(1094, 'Hornu', 7301),
(1095, 'Horpmaal', 3870),
(1096, 'Horrues', 7060),
(1097, 'HOTTON', 6990),
(1098, 'Houdemont', 6724),
(1099, 'Houdeng-Aimeries', 7110),
(1100, 'Houdeng-Goegnies', 7110),
(1101, 'Houdremont', 5575),
(1102, 'HOUFFALIZE', 6660),
(1103, 'Hour', 5563),
(1104, 'Housse', 4671),
(1105, 'Houtain-Le-Val', 1476),
(1106, 'Houtain-Saint-Sim?on', 4682),
(1107, 'Houtaing', 7812),
(1108, 'Houtave', 8377),
(1109, 'Houtem', 8630),
(1110, 'Houthalen', 3530),
(1111, 'HOUTHALEN-HELCHTEREN', 3530),
(1112, 'Houthem', 7781),
(1113, 'HOUTHULST', 8650),
(1114, 'Houtvenne', 2235),
(1115, 'Houwaart', 3390),
(1116, 'Houx', 5530),
(1117, 'HOUYET', 5560),
(1118, 'HOVE', 2540),
(1119, 'Hoves', 7830),
(1120, 'Howardries', 7624),
(1121, 'Huccorgne', 4520),
(1122, 'Huise', 9750),
(1123, 'Huissignies', 7950),
(1124, 'Huizingen', 1654),
(1125, 'HULDENBERG', 3040),
(1126, 'HULSHOUT', 2235),
(1127, 'Hulsonniaux', 5560),
(1128, 'Hulste', 8531),
(1129, 'Humain', 6900),
(1130, 'Humbeek', 1851),
(1131, 'Hundelgem', 9630),
(1132, 'Huppaye', 1367),
(1133, 'HUY', 4500),
(1134, 'Hyon', 7022),
(1135, 'ICHTEGEM', 8480),
(1136, 'Iddergem', 9472),
(1137, 'Idegem', 9506),
(1138, 'IEPER', 8900),
(1139, 'Impe', 9340),
(1140, 'INCOURT', 1315),
(1141, 'INGELMUNSTER', 8770),
(1142, 'Ingooigem', 8570),
(1143, 'International press center', 1041),
(1144, 'Irchonwelz', 7801),
(1145, 'Isi?res', 7822),
(1146, 'Isnes', 5032),
(1147, 'Itegem', 2222),
(1148, 'Itterbeek', 1701),
(1149, 'ITTRE', 1460),
(1150, 'Ivoz-Ramet', 4400),
(1151, 'IZEGEM', 8870),
(1152, 'Izel', 6810),
(1153, 'Izenberge', 8691),
(1154, 'Izier', 6941),
(1155, 'JABBEKE', 8490),
(1156, 'JALHAY', 4845),
(1157, 'Jallet', 5354),
(1158, 'Jamagne', 5600),
(1159, 'Jambes', 5100),
(1160, 'Jamiolle', 5600),
(1161, 'Jamioulx', 6120),
(1162, 'Jamoigne', 6810),
(1163, 'Jandrain-Jandrenouille', 1350),
(1164, 'Jauche', 1350),
(1165, 'Jauchelette', 1370),
(1166, 'Javingue', 5570),
(1167, 'Jehay', 4540),
(1168, 'Jehonville', 6880),
(1169, 'Jemappes', 7012),
(1170, 'Jemelle', 5580),
(1171, 'Jemelle', 5589),
(1172, 'Jemeppe-Sur-Meuse', 4101),
(1173, 'JEMEPPE-SUR-SAMBRE', 5190),
(1174, 'Jeneffe', 4357),
(1175, 'Jeneffe', 5370),
(1176, 'Jesseren', 3840),
(1177, 'JETTE', 1090),
(1178, 'Jeuk', 3890),
(1179, 'JODOIGNE', 1370),
(1180, 'Jodoigne-Souveraine', 1370),
(1181, 'Jollain-Merlin', 7620),
(1182, 'Joncret', 6280),
(1183, 'Jul?mont', 4650),
(1184, 'Jumet', 6040),
(1185, 'Jupille-Sur-Meuse', 4020),
(1186, 'JUPRELLE', 4450),
(1187, 'JURBISE', 7050),
(1188, 'Juseret', 6642),
(1189, 'Kaaskerke', 8600),
(1190, 'Kachtem', 8870),
(1191, 'Kaggevinne', 3293),
(1192, 'Kain', 7540),
(1193, 'Kalken', 9270),
(1194, 'Kallo', 9120),
(1195, 'Kallo', 9130),
(1196, 'KALMTHOUT', 2920),
(1198, 'KAMPENHOUT', 1910),
(1199, 'Kanegem', 8700),
(1200, 'Kanne', 3770),
(1201, 'KAPELLE-OP-DEN-BOS', 1880),
(1202, 'KAPELLEN', 2950),
(1203, 'Kapellen', 3381),
(1204, 'KAPRIJKE', 9970),
(1205, 'Kaster', 8572),
(1206, 'KASTERLEE', 2460),
(1207, 'Kaulille', 3950),
(1208, 'KEERBERGEN', 3140),
(1209, 'Keiem', 8600),
(1210, 'KELMIS', 4720),
(1211, 'Kemexhe', 4367),
(1212, 'Kemmel', 8956),
(1213, 'Kemzeke', 9190),
(1214, 'Kerkhove', 8581),
(1215, 'Kerkom', 3370),
(1216, 'Kerkom-Bij-Sint-Truiden', 3800),
(1217, 'Kerksken', 9451),
(1218, 'Kermt', 3510),
(1219, 'Kerniel', 3840),
(1220, 'Kersbeek-Miskom', 3472),
(1221, 'Kessel', 2560),
(1222, 'Kessel Lo', 3010),
(1223, 'Kessenich', 3640),
(1224, 'Kester', 1755),
(1225, 'Kettenis', 4701),
(1226, 'Keumi?e,Ja', 5060),
(1227, 'Kieldrecht', 9130),
(1228, 'KINROOI', 3640),
(1229, 'Klein-Gelmen', 3870),
(1230, 'Kleine-Brogel', 3990),
(1231, 'Kleine-Spouwen', 3740),
(1232, 'Klemskerke', 8420),
(1233, 'Klerken', 8650),
(1234, 'KLUISBERGEN', 9690),
(1235, 'Kluizen', 9940),
(1236, 'Knesselare', 9910),
(1237, 'Knokke', 8300),
(1238, 'KNOKKE-HEIST', 8300),
(1239, 'Kobbegem', 1730),
(1240, 'KOEKELARE', 8680),
(1241, 'KOEKELBERG', 1081),
(1242, 'Koersel', 3582),
(1243, 'KOKSIJDE', 8670),
(1244, 'Kolmont', 3700),
(1245, 'Kolmont', 3840),
(1246, 'Komen', 7780),
(1247, 'KOMEN-WAASTEN', 7780),
(1248, 'Koningshooikt', 2500),
(1249, 'Koninksem', 3700),
(1250, 'KONTICH', 2550),
(1251, 'Kooigem', 8510),
(1252, 'Koolkerke', 8000),
(1253, 'Koolskamp', 8851),
(1254, 'Korbeek-Dijle', 3060),
(1255, 'Korbeek-Lo', 3360),
(1256, 'KORTEMARK', 8610),
(1257, 'KORTENAKEN', 3470),
(1258, 'KORTENBERG', 3070),
(1259, 'KORTESSEM', 3720),
(1260, 'Kortijs', 3890),
(1261, 'KORTRIJK', 8500),
(1262, 'Kortrijk-Dutsel', 3220),
(1263, 'Kozen', 3850),
(1264, 'KRAAINEM', 1950),
(1265, 'Krombeke', 8972),
(1266, 'KRUIBEKE', 9150),
(1267, 'KRUISEM', 9770),
(1268, 'Kruishoutem', 9770),
(1269, 'Kumtich', 3300),
(1270, 'Kuringen', 3511),
(1271, 'Kuttekoven', 3840),
(1272, 'KUURNE', 8520),
(1273, 'Kwaadmechelen', 3945),
(1274, 'Kwaremont', 9690),
(1275, 'L\'Ecluse', 1320),
(1276, 'L\'Escaill?re', 6464),
(1277, 'La Bouverie', 7080),
(1278, 'LA BRUY?RE', 5080),
(1279, 'La Glanerie', 7611),
(1280, 'La Gleize', 4987),
(1281, 'La Hestre', 7170),
(1282, 'LA HULPE', 1310),
(1283, 'LA LOUVI?RE', 7100),
(1284, 'La Reid', 4910),
(1285, 'LA ROCHE-EN-ARDENNE', 6980),
(1286, 'LAAKDAL', 2430),
(1287, 'Laar', 3400),
(1288, 'LAARNE', 9270),
(1289, 'Labuissi?re', 6567),
(1290, 'Lacuisine', 6821),
(1291, 'Ladeuze', 7950),
(1292, 'Lafor?t,Ja', 5550),
(1293, 'Lahamaide', 7890),
(1294, 'Laken', 1020),
(1295, 'Lamain', 7522),
(1296, 'Lambermont', 4800),
(1297, 'Lambusart', 6220),
(1298, 'Lamine', 4350),
(1299, 'Lamontz?e,Ja', 4210),
(1300, 'Lamorteau', 6767),
(1301, 'Lampernisse', 8600),
(1302, 'LANAKEN', 3620),
(1303, 'Lanaye', 4600),
(1304, 'Landegem', 9850),
(1305, 'Landelies', 6111),
(1306, 'LANDEN', 3400),
(1307, 'Landenne', 5300),
(1308, 'Landskouter', 9860),
(1309, 'Laneffe', 5651),
(1310, 'Langdorp', 3201),
(1311, 'Langemark', 8920),
(1312, 'LANGEMARK-POELKAPELLE', 8920),
(1313, 'Lanklaar', 3650),
(1314, 'Lanquesaint', 7800),
(1315, 'Lantin', 4450),
(1316, 'Lantremange', 4300),
(1317, 'Laplaigne', 7622),
(1318, 'Lapscheure', 8340),
(1319, 'LASNE', 1380),
(1320, 'Lasne-Chapelle-Saint-Lambert', 1380),
(1321, 'Lathuy', 1370),
(1322, 'Latinne', 4261),
(1323, 'Latour', 6761),
(1324, 'Lauw', 3700),
(1325, 'Lauwe', 8930),
(1326, 'Lavacherie', 6681),
(1327, 'Lavaux-Sainte-Anne', 5580),
(1328, 'Lavoir', 4217),
(1329, 'Le Mesnil', 5670),
(1330, 'LE ROEULX', 7070),
(1331, 'Le Roux', 5070),
(1332, 'LEBBEKE', 9280),
(1333, 'LEDE', 9340),
(1334, 'Ledeberg', 9050),
(1335, 'LEDEGEM', 8880),
(1336, 'Leefdaal', 3061),
(1337, 'Leerbeek', 1755),
(1338, 'Leernes', 6142),
(1339, 'Leers-Et-Fosteau', 6530),
(1340, 'Leers-Nord', 7730),
(1341, 'Leest', 2811),
(1342, 'Leeuwergem', 9620),
(1343, 'Leffinge', 8432),
(1344, 'L?GLISE', 6860),
(1345, 'Leignon', 5590),
(1346, 'Leisele', 8691),
(1347, 'Leke', 8600),
(1348, 'Lembeek', 1502),
(1349, 'Lembeke', 9971),
(1350, 'Lemberge', 9820),
(1351, 'LENDELEDE', 8860),
(1352, 'LENNIK', 1750),
(1353, 'LENS', 7870),
(1354, 'Lens-Saint-Remy', 4280),
(1355, 'Lens-Saint-Servais', 4250),
(1356, 'Lens-Sur-Geer', 4360),
(1357, 'LEOPOLDSBURG', 3970),
(1358, 'Les Avins', 4560),
(1359, 'LES BONS VILLERS', 6210),
(1360, 'Les Bulles', 6811),
(1361, 'Les Hayons', 6830),
(1362, 'Les Waleffes', 4317),
(1363, 'Lesdain', 7621),
(1364, 'LESSINES', 7860),
(1365, 'Lessive', 5580),
(1366, 'Lesterny', 6953),
(1367, 'Lesve', 5170),
(1368, 'Lettelingen', 7850),
(1369, 'Letterhoutem', 9521),
(1370, 'Leugnies', 6500),
(1371, 'Leupegem', 9700),
(1372, 'Leut', 3630),
(1373, 'LEUVEN', 3000),
(1374, 'Leuze', 5310),
(1375, 'LEUZE-EN-HAINAUT', 7900),
(1376, 'Leval-Chaudeville', 6500),
(1377, 'Leval-Trahegnies', 7134),
(1378, 'Liberchies', 6238),
(1379, 'LIBIN', 6890),
(1380, 'LIBRAMONT-CHEVIGNY', 6800),
(1381, 'Lichtaart', 2460),
(1382, 'LICHTERVELDE', 8810),
(1383, 'LIEDEKERKE', 1770),
(1384, 'Lieferinge', 9400),
(1385, 'LI?GE', 4000),
(1386, 'LI?GE', 4020),
(1387, 'Li?ge X', 4099),
(1388, 'LIER', 2500),
(1389, 'LIERDE', 9570),
(1390, 'LIERNEUX', 4990),
(1391, 'Liernu', 5310),
(1392, 'Liers', 4042),
(1393, 'LIEVEGEM', 9930),
(1394, 'Liezele', 2870),
(1395, 'Ligne', 7812),
(1396, 'Ligney', 4254),
(1397, 'Ligny', 5140),
(1398, 'LILLE', 2275),
(1399, 'Lillo', 2040),
(1400, 'Lillois-Witterz?e,Ja', 1428),
(1401, 'Limal', 1300),
(1402, 'LIMBOURG', 4830),
(1403, 'Limelette', 1342),
(1404, 'Limerl?,Ja', 6670),
(1405, 'Limont', 4357),
(1406, 'LINCENT', 4287),
(1407, 'Linden', 3210),
(1408, 'LINKEBEEK', 1630),
(1409, 'Linkhout', 3560),
(1410, 'Linsmeau', 1357),
(1411, 'LINT', 2547),
(1412, 'LINTER', 3350),
(1413, 'Lippelo', 2890),
(1414, 'Lisogne', 5501),
(1415, 'Lissewege', 8380),
(1416, 'Lives-Sur-Meuse', 5101),
(1417, 'Lixhe', 4600),
(1418, 'Lo', 8647),
(1419, 'LO-RENINGE', 8647),
(1420, 'LOBBES', 6540),
(1421, 'LOCHRISTI', 9080),
(1422, 'Lodelinsart', 6042),
(1423, 'Loenhout', 2990),
(1424, 'Loker', 8958),
(1425, 'LOKEREN', 9160),
(1426, 'Loksbergen', 3545),
(1427, 'Lombardsijde', 8434),
(1428, 'Lombise', 7870),
(1429, 'LOMMEL', 3920),
(1430, 'Lommersweiler', 4783),
(1431, 'Lompret', 6463),
(1432, 'Lomprez', 6924),
(1433, 'Loncin', 4431),
(1434, 'LONDERZEEL', 1840),
(1435, 'Longchamps', 5310),
(1436, 'Longchamps', 6688),
(1437, 'Longlier', 6840),
(1438, 'Longueville', 1325),
(1439, 'Longvilly', 6600),
(1440, 'LONTZEN', 4710),
(1441, 'Lonz?e,Ja', 5030),
(1442, 'Loonbeek', 3040),
(1443, 'Loppem', 8210),
(1444, 'Lorc?,Ja', 4987),
(1445, 'Lot', 1651),
(1446, 'Lotenhulle', 9880),
(1447, 'Louette-Saint-Denis', 5575),
(1448, 'Louette-Saint-Pierre', 5575),
(1449, 'Loupoigne', 1471),
(1450, 'Louvain-La-Neuve', 1348),
(1451, 'Louveign?,Ja', 4141),
(1452, 'Louveign?,Ja', 4920),
(1453, 'Lovendegem', 9920),
(1454, 'Lovenjoel', 3360),
(1455, 'Loverval', 6280),
(1456, 'Loyers', 5101),
(1457, 'LUBBEEK', 3210),
(1458, 'Luingne', 7700),
(1459, 'LUMMEN', 3560),
(1460, 'Lustin', 5170),
(1461, 'Luttre', 6238),
(1462, 'Maarke-Kerkem', 9680),
(1463, 'MAARKEDAL', 9680),
(1464, 'MAASEIK', 3680),
(1465, 'MAASMECHELEN', 3630),
(1466, 'Mabompr?,Ja', 6663),
(1467, 'MACHELEN', 1830),
(1468, 'Machelen', 9870),
(1469, 'Macon', 6591),
(1470, 'Macquenoise', 6593),
(1471, 'Maffe', 5374),
(1472, 'Maffle', 7810),
(1473, 'Magn?e,Ja', 4623),
(1474, 'Maillen', 5330),
(1475, 'Mainvault', 7812),
(1476, 'Maisi?res', 7020),
(1477, 'Maissin', 6852),
(1478, 'Maizeret', 5300),
(1479, 'Mal', 3700),
(1480, 'MALDEGEM', 9990),
(1481, 'Malderen', 1840),
(1482, 'Malempr?,Ja', 6960),
(1483, 'Mal?ves-Sainte-Marie-Wastinnes', 1360),
(1484, 'MALLE', 2390),
(1485, 'MALMEDY', 4960),
(1486, 'Malonne', 5020),
(1487, 'Malvoisin', 5575),
(1488, 'MANAGE', 7170),
(1489, 'Manderfeld', 4760),
(1490, 'MANHAY', 6960),
(1491, 'Mannekensvere', 8433),
(1492, 'Maransart', 1380),
(1493, 'Marbais', 1495),
(1494, 'Marbaix', 6120),
(1495, 'MARCHE-EN-FAMENNE', 6900),
(1496, 'Marche-Les-Dames', 5024),
(1497, 'Marche-Lez-Ecaussinnes', 7190),
(1498, 'Marchienne-Au-Pont', 6030),
(1499, 'MARCHIN', 4570),
(1500, 'Marchipont', 7387),
(1501, 'Marchovelette', 5380),
(1502, 'Marcinelle', 6001),
(1503, 'Marcourt', 6987),
(1504, 'Marenne', 6990),
(1505, 'Mariakerke', 9030),
(1506, 'Mariekerke', 2880),
(1507, 'Mariembourg', 5660),
(1508, 'Marilles', 1350),
(1509, 'Mark', 7850),
(1510, 'Marke', 8510),
(1511, 'Markegem', 8720),
(1512, 'Marneffe', 4210),
(1513, 'Marquain', 7522),
(1514, 'MARTELANGE', 6630),
(1515, 'Martenslinde', 3742),
(1516, 'Martouzin-Neuville', 5573),
(1517, 'Masbourg', 6953),
(1518, 'Masnuy-Saint-Jean', 7050),
(1519, 'Masnuy-Saint-Pierre', 7050),
(1520, 'Massemen', 9230),
(1521, 'Massenhoven', 2240),
(1522, 'Matagne-La-Grande', 5680),
(1523, 'Matagne-La-Petite', 5680),
(1524, 'Mater', 9700),
(1525, 'Maubray', 7640),
(1526, 'Maulde', 7534),
(1527, 'Maurage', 7110),
(1528, 'Maz?e,Ja', 5670),
(1529, 'Mazenzele', 1745),
(1530, 'Mazy', 5032),
(1531, 'M?an', 5372),
(1532, 'MECHELEN', 2800),
(1533, 'Mechelen-Aan-De-Maas', 3630),
(1534, 'Mechelen-Bovelingen', 3870),
(1535, 'Meeffe', 4219),
(1536, 'Meensel-Kiezegem', 3391),
(1537, 'Meer', 2321),
(1538, 'Meerbeek', 3078),
(1539, 'Meerbeke', 9402),
(1540, 'Meerdonk', 9170),
(1541, 'MEERHOUT', 2450),
(1542, 'Meerle', 2328),
(1543, 'Meeswijk', 3630),
(1544, 'Meetkerke', 8377),
(1545, 'Meeuwen', 3670),
(1546, 'Mehaigne', 5310),
(1547, 'Meigem', 9800),
(1548, 'Meilegem', 9630),
(1549, 'MEISE', 1860),
(1550, 'MEIX-DEVANT-VIRTON', 6769),
(1551, 'Meix-Le-Tige', 6747),
(1552, 'Melden', 9700),
(1553, 'Meldert', 3320),
(1554, 'Meldert', 3560),
(1555, 'Meldert', 9310),
(1556, 'Melen', 4633),
(1557, 'M?lin', 1370),
(1558, 'Melkwezer', 3350),
(1559, 'MELLE', 9090),
(1560, 'Mellery', 1495),
(1561, 'Melles', 7540),
(1562, 'Mellet', 6211),
(1563, 'Mellier', 6860),
(1564, 'Melsbroek', 1820),
(1565, 'Melsele', 9120),
(1566, 'Melsen', 9820),
(1567, 'Membach', 4837),
(1568, 'Membre', 5550),
(1569, 'Membruggen', 3770),
(1570, 'Mendonk', 9042),
(1571, 'MENEN', 8930),
(1572, 'MERBES-LE-CH?TEAU', 6567),
(1573, 'Merbes-Sainte-Marie', 6567),
(1574, 'MERCHTEM', 1785),
(1575, 'Merdorp', 4280),
(1576, 'Mere', 9420),
(1577, 'MERELBEKE', 9820),
(1578, 'Merendree', 9850),
(1579, 'Merkem', 8650),
(1580, 'Merksem', 2170),
(1581, 'MERKSPLAS', 2330),
(1582, 'Merlemont', 5600),
(1583, 'MESEN', 8957),
(1584, 'Meslin-L\'Ev?que', 7822),
(1585, 'Mesnil-Eglise', 5560),
(1586, 'Mesnil-Saint-Blaise', 5560),
(1587, 'Mespelare', 9200),
(1588, 'MESSANCY', 6780),
(1589, 'Messelbroek', 3272),
(1590, 'Mesvin', 7022),
(1591, 'Mettekoven', 3870),
(1592, 'METTET', 5640),
(1593, 'MEULEBEKE', 8760),
(1594, 'Meux', 5081),
(1595, 'M?vergnies-Lez-Lens', 7942),
(1596, 'Meyerode', 4770),
(1597, 'Michelbeke', 9660),
(1598, 'Micheroux', 4630),
(1599, 'Middelburg', 9992),
(1600, 'MIDDELKERKE', 8430),
(1601, 'Mi?cret', 5376),
(1602, 'Mielen-Boven-Aalst', 3891),
(1603, 'Mignault', 7070),
(1604, 'Millen', 3770),
(1605, 'Milmort', 4041),
(1606, 'Minderhout', 2322),
(1608, 'Mirwart', 6870),
(1609, 'MODAVE', 4577),
(1610, 'Moelingen', 3790),
(1611, 'Moen', 8552),
(1612, 'Moerbeke', 9500),
(1613, 'MOERBEKE-WAAS', 9180),
(1614, 'Moere', 8470),
(1615, 'Moerkerke', 8340),
(1616, 'Moerzeke', 9220),
(1617, 'MOESKROEN', 7700),
(1618, 'Moha', 4520),
(1619, 'Mohiville', 5361),
(1620, 'Moignel?e,Ja', 5060),
(1621, 'Moircy', 6800),
(1622, 'MOL', 2400),
(1623, 'Molenbaix', 7760),
(1624, 'Molenbeek-Wersbeek', 3461),
(1625, 'Molenbeersel', 3640),
(1626, 'Molenstede', 3294),
(1627, 'Mollem', 1730),
(1628, 'Momalle', 4350),
(1629, 'MOMIGNIES', 6590),
(1630, 'Monceau-En-Ardenne', 5555),
(1631, 'Monceau-Imbrechies', 6592),
(1632, 'Monceau-Sur-Sambre', 6031),
(1633, 'MONS', 7000),
(1634, 'Mons-Lez-Li?ge', 4400),
(1635, 'Monstreux', 1400),
(1636, 'Mont', 5530),
(1637, 'Mont', 6661),
(1638, 'MONT-DE-L\'ENCLUS', 7750),
(1639, 'Mont-Gauthier', 5580),
(1640, 'Mont-Saint-Andr?,Ja', 1367),
(1641, 'Mont-Saint-Aubert', 7542),
(1642, 'MONT-SAINT-GUIBERT', 1435),
(1643, 'Mont-Sainte-Aldegonde', 7141),
(1644, 'Mont-Sainte-Genevi?ve', 6540),
(1645, 'Mont-Sur-Marchienne', 6032),
(1646, 'Montbliart', 6470),
(1647, 'Montegn?e,Ja', 4420),
(1648, 'Montenaken', 3890),
(1649, 'Montignies-Lez-Lens', 7870),
(1650, 'Montignies-Saint-Christophe', 6560),
(1651, 'Montignies-Sur-Roc', 7387),
(1652, 'Montignies-Sur-Sambre', 6061),
(1653, 'MONTIGNY-LE-TILLEUL', 6110),
(1654, 'Montleban', 6674),
(1655, 'Montroeul-Au-Bois', 7911),
(1656, 'Montroeul-Sur-Haine', 7350),
(1657, 'Montzen', 4850),
(1658, 'Moorsel', 9310),
(1659, 'Moorsele', 8560),
(1660, 'MOORSLEDE', 8890),
(1661, 'Moortsele', 9860),
(1662, 'Mopertingen', 3740),
(1663, 'Moregem', 9790),
(1664, 'Moresnet', 4850),
(1665, 'Morhet', 6640),
(1666, 'Morialm?,Ja', 5621),
(1667, 'Morkhoven', 2200),
(1668, 'MORLANWELZ', 7140),
(1669, 'Morlanwelz-Mariemont', 7140),
(1670, 'Mormont', 6997),
(1671, 'Mornimont', 5190),
(1672, 'Mortier', 4670),
(1673, 'Mortroux', 4607),
(1674, 'MORTSEL', 2640),
(1675, 'Morville', 5620),
(1676, 'Moulbaix', 7812),
(1677, 'Mourcourt', 7543),
(1678, 'Moustier', 7911),
(1679, 'Moustier-Sur-Sambre', 5190),
(1680, 'Mouzaive', 5550),
(1681, 'Moxhe', 4280),
(1682, 'Mozet', 5340),
(1683, 'Muizen', 2812),
(1684, 'Muizen', 3891),
(1685, 'Mullem', 9700),
(1686, 'Munkzwalm', 9630),
(1687, 'Muno', 6820),
(1688, 'Munsterbilzen', 3740),
(1689, 'Munte', 9820),
(1690, 'MUSSON', 6750),
(1691, 'Mussy-La-Ville', 6750),
(1692, 'My', 4190),
(1693, 'Naast', 7062),
(1694, 'Nadrin', 6660),
(1695, 'Nafraiture', 5550),
(1696, 'Nalinnes', 6120),
(1697, 'Nam?che', 5300),
(1698, 'NAMUR', 5000),
(1699, 'NANDRIN', 4550),
(1700, 'Naninne', 5100),
(1701, 'Naom?,Ja', 5555),
(1702, 'NASSOGNE', 6950),
(1703, 'NATO', 1110),
(1704, 'Natoye', 5360),
(1705, 'NAZARETH', 9810),
(1706, 'N?chin', 7730),
(1707, 'Neder-Over-Heembeek', 1120),
(1708, 'Nederboelare', 9500),
(1709, 'Nederbrakel', 9660),
(1710, 'Nederename', 9700),
(1711, 'Nederhasselt', 9400),
(1712, 'Nederokkerzeel', 1910),
(1713, 'Nederzwalm-Hermelgem', 9636),
(1714, 'Neerglabbeek', 3670),
(1715, 'Neerharen', 3620),
(1716, 'Neerhespen', 3350),
(1717, 'Neerheylissem', 1357),
(1718, 'Neerijse', 3040),
(1719, 'Neerlanden', 3404),
(1720, 'Neerlinter', 3350),
(1721, 'Neeroeteren', 3680),
(1722, 'Neerpelt', 3910),
(1723, 'Neerrepen', 3700),
(1724, 'Neervelp', 3370),
(1725, 'Neerwaasten', 7784),
(1726, 'Neerwinden', 3400),
(1727, 'Neigem', 9403),
(1728, 'Nerem', 3700),
(1729, 'Nessonvaux', 4870),
(1730, 'Nethen', 1390),
(1731, 'Nettinne', 5377),
(1732, 'Neu-Moresnet', 4721),
(1733, 'Neufch?teau', 4608),
(1734, 'NEUFCH?TEAU', 6840),
(1735, 'Neufmaison', 7332),
(1736, 'Neufvilles', 7063),
(1737, 'NEUPR?,Neen', 4120),
(1738, 'Neuville', 5600),
(1739, 'Neuville-En-Condroz', 4121),
(1740, 'Nevele', 9850),
(1741, 'NIEL', 2845),
(1742, 'Niel-Bij-As', 3668),
(1743, 'Niel-Bij-Sint-Truiden', 3890),
(1744, 'Nieuwenhove', 9506),
(1745, 'Nieuwenrode', 1880),
(1746, 'NIEUWERKERKEN', 3850),
(1747, 'Nieuwerkerken', 9320),
(1748, 'Nieuwkapelle', 8600),
(1749, 'Nieuwkerke', 8950),
(1750, 'Nieuwkerken-Waas', 9100),
(1751, 'Nieuwmunster', 8377),
(1752, 'NIEUWPOORT', 8620),
(1753, 'Nieuwrode', 3221),
(1754, 'NIJLEN', 2560),
(1755, 'Nil-Saint-Vincent-Saint-Martin', 1457),
(1756, 'Nimy', 7020),
(1757, 'NINOVE', 9400),
(1758, 'Nismes', 5670),
(1759, 'NIVELLES', 1400),
(1760, 'Niverl?e,Ja', 5680),
(1761, 'Nives', 6640),
(1762, 'Nobressart', 6717),
(1763, 'Nodebais', 1320),
(1764, 'Noduwez', 1350),
(1765, 'Noirchain', 7080),
(1766, 'Noirfontaine', 6831),
(1767, 'Noiseux', 5377),
(1768, 'Nokere', 9771),
(1769, 'Nollevaux', 6851),
(1770, 'Noorderwijk', 2200),
(1771, 'Noordschote', 8647),
(1772, 'Nossegem', 1930),
(1773, 'Nothomb', 6717),
(1774, 'Nouvelles', 7022),
(1775, 'Noville', 4347),
(1776, 'Noville', 6600),
(1777, 'Noville-Les-Bois', 5380),
(1778, 'Noville-Sur-Mehaigne', 5310),
(1779, 'Nukerke', 9681),
(1780, 'Obaix', 6230),
(1781, 'Obigies', 7743),
(1782, 'Obourg', 7034),
(1783, 'Ochamps', 6890),
(1784, 'Ocquier', 4560),
(1785, 'Odeigne', 6960),
(1786, 'Odeur', 4367),
(1787, 'Oedelem', 8730),
(1788, 'Oekene', 8800),
(1789, 'Oelegem', 2520),
(1790, 'Oeren', 8690),
(1791, 'Oeselgem', 8720),
(1792, 'Oetingen', 1755),
(1793, 'Oeudeghien', 7911),
(1794, 'Oevel', 2260),
(1795, 'Offagne', 6850),
(1797, 'Ogy', 7862),
(1798, 'Ohain', 1380),
(1799, 'OHEY', 5350),
(1800, 'Oignies-En-Thi?rache', 5670),
(1801, 'Oisquercq', 1480),
(1802, 'Oizy', 5555),
(1803, 'Okegem', 9400),
(1804, 'OLEN', 2250),
(1805, 'Oleye', 4300),
(1806, 'Ollignies', 7866),
(1807, 'Olloy-Sur-Viroin', 5670),
(1808, 'Olmen', 2491),
(1809, 'OLNE', 4877),
(1810, 'Olsene', 9870),
(1811, 'Omal', 4252),
(1812, 'Ombret', 4540),
(1813, 'Omez?e,Ja', 5600),
(1814, 'On', 6900),
(1815, 'ONHAYE', 5520),
(1816, 'Onkerzele', 9500),
(1817, 'Onnezies', 7387),
(1818, 'Onoz', 5190),
(1819, 'Onze-Lieve-Vrouw-Lombeek', 1760),
(1820, 'Onze-Lieve-Vrouw-Waver', 2861),
(1821, 'Ooigem', 8710),
(1822, 'Ooike', 9700),
(1823, 'Ooike', 9790),
(1824, 'Oombergen', 9520),
(1825, 'Oombergen', 9620),
(1826, 'Oorbeek', 3300),
(1827, 'Oordegem', 9340),
(1828, 'Oostakker', 9041),
(1829, 'Oostduinkerke', 8670),
(1830, 'Oosteeklo', 9968),
(1831, 'OOSTENDE', 8400),
(1832, 'OOSTERZELE', 9860),
(1833, 'Oostham', 3945),
(1834, 'OOSTKAMP', 8020),
(1835, 'Oostkerke', 8340),
(1836, 'Oostkerke', 8600),
(1837, 'Oostmalle', 2390),
(1838, 'Oostnieuwkerke', 8840),
(1839, 'OOSTROZEBEKE', 8780),
(1840, 'Oostvleteren', 8640),
(1841, 'Oostwinkel', 9931),
(1842, 'Opbrakel', 9660),
(1843, 'Opdorp', 9255),
(1844, 'Opglabbeek', 3660),
(1845, 'Opgrimbie', 3630),
(1846, 'Ophain-Bois-Seigneur-Isaac', 1421),
(1847, 'Ophasselt', 9500),
(1848, 'Opheers', 3870),
(1849, 'Opheylissem', 1357),
(1850, 'Ophoven', 3640),
(1851, 'Opitter', 3960),
(1852, 'Oplinter', 3300),
(1853, 'Opoeteren', 3680),
(1854, 'Opont', 6852),
(1855, 'Opprebais', 1315),
(1856, 'Oppuurs', 2890),
(1857, 'Opvelp', 3360),
(1858, 'OPWIJK', 1745),
(1859, 'Orbais', 1360),
(1860, 'Orchimont', 5550),
(1861, 'Orcq', 7501),
(1862, 'Ordingen', 3800),
(1863, 'Oret', 5640),
(1864, 'OREYE', 4360),
(1865, 'Orgeo', 6880),
(1866, 'Ormeignies', 7802),
(1867, 'ORP-JAUCHE', 1350),
(1868, 'Orp-Le-Grand', 1350),
(1869, 'Orroir', 7750),
(1870, 'Orsmaal-Gussenhoven', 3350),
(1871, 'Ortho', 6983),
(1872, 'Ostiches', 7804),
(1873, 'Otegem', 8553),
(1874, 'Oteppe', 4210),
(1875, 'Oth?e,Ja', 4340),
(1876, 'Otrange', 4360),
(1877, 'Ottenburg', 3040),
(1878, 'Ottergem', 9420),
(1879, 'Ottignies', 1340),
(1880, 'OTTIGNIES-LOUVAIN-LA-NEUVE', 1340),
(1881, 'OUD-HEVERLEE', 3050),
(1882, 'OUD-TURNHOUT', 2360),
(1883, 'Oudegem', 9200),
(1884, 'Oudekapelle', 8600),
(1885, 'OUDENAARDE', 9700),
(1886, 'Oudenaken', 1600),
(1887, 'OUDENBURG', 8460),
(1888, 'OUDERGEM', 1160),
(1889, 'OUDSBERGEN', 3670),
(1890, 'OUFFET', 4590),
(1891, 'Ougr?e,Ja', 4102),
(1892, 'OUPEYE', 4680),
(1893, 'Outer', 9406),
(1894, 'Outgaarden', 3321),
(1895, 'Outrelouxhe', 4577),
(1896, 'Outrijve', 8582),
(1897, 'Ouwegem', 9750),
(1898, 'Overboelare', 9500),
(1899, 'Overhespen', 3350),
(1900, 'OVERIJSE', 3090),
(1901, 'Overmere', 9290),
(1902, 'Overpelt', 3900),
(1903, 'Overrepen', 3700),
(1904, 'Overwinden', 3400),
(1905, 'Paal', 3583),
(1906, 'Paifve', 4452),
(1907, 'Pailhe', 4560),
(1908, 'PALISEUL', 6850),
(1909, 'Pamel', 1760),
(1910, 'Papignies', 7861),
(1911, 'Parike', 9661),
(1914, 'Passendale', 8980),
(1915, 'Patignies', 5575),
(1916, 'P?turages', 7340),
(1917, 'Paulatem', 9630),
(1918, 'PECQ', 7740),
(1919, 'PEER', 3990),
(1920, 'Peissant', 7120),
(1921, 'Pellaines', 4287),
(1922, 'Pellenberg', 3212),
(1923, 'PELT', 3900),
(1924, 'PEPINGEN', 1670),
(1925, 'PEPINSTER', 4860),
(1926, 'Perk', 1820),
(1927, 'P?ronnes-Lez-Antoing', 7640),
(1928, 'P?ronnes-Lez-Binche', 7134),
(1929, 'P?RUWELZ', 7600),
(1930, 'Pervijze', 8600),
(1931, 'PERWEZ', 1360),
(1932, 'Perwez-Haillot', 5352),
(1933, 'Pesche', 5660),
(1934, 'Pessoux', 5590),
(1935, 'Petegem-Aan-De-Leie', 9800),
(1936, 'Petegem-Aan-De-Schelde', 9790),
(1937, 'P?tigny', 5660),
(1938, 'Petit-Fays', 5555),
(1939, 'Petit-Hallet', 4280),
(1940, 'Petit-Rechain', 4800),
(1941, 'Petit-Roeulx-Lez-Braine', 7090),
(1942, 'Petit-Roeulx-Lez-Nivelles', 7181),
(1943, 'Petit-Thier', 6692),
(1944, 'Petite-Chapelle', 5660),
(1945, 'Peutie', 1800),
(1946, 'PHILIPPEVILLE', 5600),
(1947, 'Pi?ton', 7160),
(1948, 'Pi?train', 1370),
(1949, 'Pi?trebais', 1315),
(1950, 'Pipaix', 7904),
(1951, 'Piringen', 3700),
(1952, 'Pironchamps', 6240),
(1953, 'PITTEM', 8740),
(1954, 'Plainevaux', 4122),
(1955, 'Plancenoit', 1380),
(1956, 'Ploegsteert', 7782),
(1957, 'PLOMBI?RES', 4850),
(1958, 'Poederlee', 2275),
(1959, 'Poeke', 9880),
(1960, 'Poelkapelle', 8920),
(1961, 'Poesele', 9850),
(1962, 'Pollare', 9401),
(1963, 'Polleur', 4800),
(1964, 'Polleur', 4910),
(1965, 'Pollinkhove', 8647),
(1966, 'Pommeroeul', 7322),
(1967, 'Pondr?me,Ja', 5574),
(1968, 'PONT-?-CELLES', 6230),
(1969, 'Pont-De-Loup', 6250),
(1970, 'Pontillas', 5380),
(1971, 'POPERINGE', 8970),
(1972, 'Poppel', 2382),
(1973, 'Popuelles', 7760),
(1974, 'Porcheresse', 5370),
(1975, 'Porcheresse', 6929),
(1976, 'Postcheque', 1100),
(1977, 'Pottes', 7760),
(1978, 'Poucet', 4280),
(1979, 'Poulseur', 4171),
(1980, 'Poupehan', 6830),
(1981, 'Pousset', 4350),
(1982, 'Presgaux', 5660),
(1983, 'Presles', 6250),
(1984, 'PROFONDEVILLE', 5170),
(1985, 'Proven', 8972),
(1986, 'Pry', 5650),
(1987, 'Pulderbos', 2242),
(1988, 'Pulle', 2243),
(1989, 'Purnode', 5530),
(1990, 'Pussemange', 5550),
(1991, 'PUTTE', 2580),
(1992, 'Puurs', 2870),
(1993, 'PUURS-SINT-AMANDS', 2870),
(1994, 'QUAREGNON', 7390),
(1995, 'Quartes', 7540),
(1996, 'Quenast', 1430),
(1997, 'Queue-Du-Bois', 4610),
(1998, 'Quevaucamps', 7972),
(1999, 'QU?VY', 7040),
(2000, 'Qu?vy-Le-Grand', 7040),
(2001, 'Qu?vy-Le-Petit', 7040),
(2002, 'QUI?VRAIN', 7380),
(2004, 'Rachecourt', 6792),
(2005, 'Racour', 4287),
(2006, 'RAEREN', 4730),
(2007, 'Ragnies', 6532),
(2008, 'Rahier', 4987),
(2009, 'Ramegnies', 7971),
(2010, 'Ramegnies-Chin', 7520),
(2011, 'Ramelot', 4557),
(2012, 'RAMILLIES', 1367),
(2013, 'Ramsdonk', 1880),
(2014, 'Ramsel', 2230),
(2015, 'Ramskapelle', 8301),
(2016, 'Ramskapelle', 8620),
(2017, 'Rance', 6470),
(2018, 'Ransart', 6043),
(2019, 'Ransberg', 3470),
(2020, 'RANST', 2520),
(2021, 'RAVELS', 2380),
(2022, 'Rebaix', 7804),
(2023, 'REBECQ', 1430),
(2024, 'Rebecq-Rognon', 1430),
(2025, 'Recht', 4780),
(2026, 'Recogne', 6800),
(2027, 'Redu', 6890),
(2028, 'Reet', 2840),
(2029, 'Rekem', 3621),
(2030, 'Rekkem', 8930),
(2031, 'Relegem', 1731),
(2032, 'Remagne', 6800),
(2033, 'Remersdaal', 3791),
(2034, 'REMICOURT', 4350),
(2035, 'RENDEUX', 6987),
(2036, 'Reninge', 8647),
(2037, 'Reningelst', 8970),
(2038, 'Renlies', 6500),
(2039, 'Reppel', 3950),
(2040, 'Ressaix', 7134),
(2041, 'Ressegem', 9551),
(2042, 'Resteigne', 6927),
(2043, 'RETIE', 2470),
(2044, 'Retinne', 4621),
(2045, 'Reuland', 4790),
(2046, 'R?ves', 6210),
(2047, 'Rhisnes', 5080),
(2048, 'Richelle', 4600),
(2049, 'RIEMST', 3770),
(2050, 'Rienne', 5575),
(2051, 'Ri?zes', 6464),
(2052, 'Rijkel', 3840),
(2053, 'RIJKEVORSEL', 2310),
(2054, 'Rijkhoven', 3740),
(2055, 'Rijmenam', 2820),
(2056, 'Riksingen', 3700),
(2057, 'Rillaar', 3202),
(2058, 'Rivi?re', 5170),
(2059, 'RIXENSART', 1330),
(2060, 'Robechies', 6460),
(2061, 'Robelmont', 6769);
INSERT INTO `plaatsen` (`plaatsId`, `gemeente`, `postcode`) VALUES
(2062, 'Robertville', 4950),
(2063, 'Roborst', 9630),
(2064, 'ROCHEFORT', 5580),
(2065, 'Rochehaut', 6830),
(2066, 'Rocherath', 4761),
(2067, 'Roclenge-Sur-Geer', 4690),
(2068, 'Rocourt', 4000),
(2069, 'Roesbrugge-Haringe', 8972),
(2070, 'ROESELARE', 8800),
(2071, 'Rogn?e,Ja', 5651),
(2072, 'Roisin', 7387),
(2073, 'Roksem', 8460),
(2074, 'Rollegem', 8510),
(2075, 'Rollegem-Kapelle', 8880),
(2076, 'Roloux', 4347),
(2077, 'Roly', 5600),
(2078, 'Romedenne', 5600),
(2079, 'Romer?e,Ja', 5680),
(2080, 'Romershoven', 3730),
(2081, 'Roms?e,Ja', 4624),
(2082, 'Rongy', 7623),
(2083, 'Ronqui?res', 7090),
(2084, 'RONSE', 9600),
(2085, 'Ronsele', 9932),
(2086, 'Roosbeek', 3370),
(2087, 'ROOSDAAL', 1760),
(2088, 'Ros?e,Ja', 5620),
(2089, 'Roselies', 6250),
(2090, 'Rosi?res', 1331),
(2091, 'Rosmeer', 3740),
(2092, 'Rosoux-Crenwick', 4257),
(2093, 'Rossignol', 6730),
(2094, 'Rotem', 3650),
(2095, 'Rotheux-Rimi?re', 4120),
(2096, 'ROTSELAAR', 3110),
(2097, 'Roucourt', 7601),
(2098, 'Rouveroy', 7120),
(2099, 'Rouvreux', 4140),
(2100, 'ROUVROY', 6767),
(2101, 'Roux', 6044),
(2102, 'Roux-Miroir', 1315),
(2103, 'Roy', 6900),
(2104, 'Rozebeke', 9630),
(2105, 'RTBF', 1044),
(2106, 'RTL-TVI', 1033),
(2107, 'Ruddervoorde', 8020),
(2108, 'Ruette', 6760),
(2109, 'Ruien', 9690),
(2110, 'Ruisbroek', 1601),
(2111, 'Ruisbroek', 2870),
(2112, 'RUISELEDE', 8755),
(2113, 'Rukkelingen-Loon', 3870),
(2114, 'Rulles', 6724),
(2115, 'Rumbeke', 8800),
(2116, 'RUMES', 7610),
(2117, 'Rumillies', 7540),
(2118, 'Rummen', 3454),
(2119, 'Rumsdorp', 3400),
(2120, 'RUMST', 2840),
(2121, 'Runkelen', 3803),
(2122, 'Rupelmonde', 9150),
(2123, 'Russeignies', 7750),
(2124, 'Rutten', 3700),
(2125, 'S Gravenvoeren', 3798),
(2126, 'SA SudPresse', 5010),
(2127, 'Saint-Amand', 6221),
(2128, 'Saint-Andr?,Ja', 4606),
(2129, 'Saint-Aubin', 5620),
(2130, 'Saint-Denis', 7034),
(2131, 'Saint-Denis-Bovesse', 5081),
(2132, 'SAINT-GEORGES-SUR-MEUSE', 4470),
(2133, 'Saint-G?rard', 5640),
(2134, 'Saint-Germain', 5310),
(2135, 'Saint-G?ry', 1450),
(2136, 'SAINT-GHISLAIN', 7330),
(2137, 'SAINT-HUBERT', 6870),
(2138, 'Saint-Jean-Geest', 1370),
(2139, 'SAINT-L?GER', 6747),
(2140, 'Saint-L?ger', 7730),
(2141, 'Saint-Marc', 5003),
(2142, 'Saint-Mard', 6762),
(2143, 'Saint-Martin', 5190),
(2144, 'Saint-Maur', 7500),
(2145, 'Saint-M?dard', 6887),
(2146, 'SAINT-NICOLAS', 4420),
(2147, 'Saint-Pierre', 6800),
(2148, 'Saint-Remy', 4672),
(2149, 'Saint-Remy', 6460),
(2150, 'Saint-Remy-Geest', 1370),
(2151, 'Saint-Sauveur', 7912),
(2152, 'Saint-Servais', 5002),
(2153, 'Saint-S?verin', 4550),
(2154, 'Saint-Symphorien', 7030),
(2155, 'Saint-Vaast', 7100),
(2156, 'Saint-Vincent', 6730),
(2157, 'Sainte-C?cile', 6820),
(2158, 'Sainte-Marie-Chevigny', 6800),
(2159, 'Sainte-Marie-Sur-Semois', 6740),
(2160, 'SAINTE-ODE', 6680),
(2161, 'Saintes', 1480),
(2162, 'Saive', 4671),
(2163, 'Salles', 6460),
(2164, 'Samart', 5600),
(2165, 'SAMBREVILLE', 5060),
(2166, 'Samr?e,Ja', 6982),
(2167, 'SANKT-VITH', 4780),
(2168, 'Sars-La-Bruy?re', 7080),
(2169, 'Sars-La-Buissi?re', 6542),
(2170, 'Sart-Bernard', 5330),
(2171, 'Sart-Custinne', 5575),
(2172, 'Sart-Dames-Avelines', 1495),
(2173, 'Sart-En-Fagne', 5600),
(2174, 'Sart-Eustache', 5070),
(2175, 'Sart-Lez-Spa', 4845),
(2176, 'Sart-Saint-Laurent', 5070),
(2177, 'Sautin', 6470),
(2178, 'Sautour', 5600),
(2179, 'Sauveni?re', 5030),
(2180, 'Scanning', 1101),
(2181, 'SCHAARBEEK', 1030),
(2182, 'Schaffen', 3290),
(2183, 'Schalkhoven', 3732),
(2184, 'Schaltin', 5364),
(2185, 'Schelderode', 9820),
(2186, 'Scheldewindeke', 9860),
(2187, 'SCHELLE', 2627),
(2188, 'Schellebelle', 9260),
(2189, 'Schendelbeke', 9506),
(2190, 'Schepdaal', 1703),
(2191, 'Scherpenheuvel', 3270),
(2192, 'SCHERPENHEUVEL-ZICHEM', 3270),
(2193, 'SCHILDE', 2970),
(2194, 'Schoonaarde', 9200),
(2195, 'Schore', 8433),
(2196, 'Schorisse', 9688),
(2197, 'SCHOTEN', 2900),
(2198, 'Schriek', 2223),
(2199, 'Schuiferskapelle', 8700),
(2200, 'Schulen', 3540),
(2201, 'Sch?nberg', 4782),
(2202, 'Sclayn', 5300),
(2203, 'Scy', 5361),
(2204, 'Seilles', 5300),
(2205, 'S?lange', 6781),
(2206, 'Seloignes', 6596),
(2207, 'Semmerzake', 9890),
(2208, 'SENEFFE', 7180),
(2209, 'Sensenruth', 6832),
(2210, 'Seny', 4557),
(2211, 'Senzeilles', 5630),
(2212, 'Septon', 6940),
(2213, 'SERAING', 4100),
(2214, 'Seraing-Le-Ch?teau', 4537),
(2215, 'Serinchamps', 5590),
(2216, 'Serskamp', 9260),
(2217, 'Serville', 5521),
(2218, 'SHAPE', 7010),
(2219, 'Sibret', 6640),
(2220, 'Signeulx', 6750),
(2221, 'Sijsele', 8340),
(2222, 'Silenrieux', 5630),
(2223, 'SILLY', 7830),
(2224, 'Sinaai-Waas', 9112),
(2225, 'Sinsin', 5377),
(2226, 'SINT-AGATHA-BERCHEM', 1082),
(2227, 'Sint-Agatha-Rode', 3040),
(2228, 'Sint-Amands', 2890),
(2229, 'Sint-Amandsberg', 9040),
(2230, 'Sint-Andries', 8200),
(2231, 'Sint-Antelinks', 9550),
(2232, 'Sint-Baafs-Vijve', 8710),
(2233, 'Sint-Blasius-Boekel', 9630),
(2234, 'Sint-Denijs', 8554),
(2235, 'Sint-Denijs-Boekel', 9630),
(2236, 'Sint-Denijs-Westrem', 9051),
(2237, 'Sint-Eloois-Vijve', 8793),
(2238, 'Sint-Eloois-Winkel', 8880),
(2239, 'SINT-GENESIUS-RODE', 1640),
(2240, 'SINT-GILLIS', 1060),
(2241, 'Sint-Gillis-Dendermonde', 9200),
(2242, 'SINT-GILLIS-WAAS', 9170),
(2243, 'Sint-Goriks-Oudenhove', 9620),
(2244, 'Sint-Huibrechts-Hern', 3730),
(2245, 'Sint-Huibrechts-Lille', 3910),
(2246, 'Sint-Jacobs-Kapelle', 8600),
(2247, 'Sint-Jan', 8900),
(2248, 'Sint-Jan-In-Eremo', 9982),
(2249, 'SINT-JANS-MOLENBEEK', 1080),
(2250, 'Sint-Job-In-\'T-Goor', 2960),
(2251, 'SINT-JOOST-TEN-NOODE', 1210),
(2252, 'Sint-Joris', 8620),
(2253, 'Sint-Joris', 8730),
(2254, 'Sint-Joris-Weert', 3051),
(2255, 'Sint-Joris-Winge', 3390),
(2256, 'SINT-KATELIJNE-WAVER', 2860),
(2257, 'Sint-Katherina-Lombeek', 1742),
(2258, 'Sint-Kornelis-Horebeke', 9667),
(2259, 'Sint-Kruis', 8310),
(2260, 'Sint-Kruis-Winkel', 9042),
(2261, 'Sint-Kwintens-Lennik', 1750),
(2262, 'Sint-Lambrechts-Herk', 3500),
(2263, 'SINT-LAMBRECHTS-WOLUWE', 1200),
(2264, 'SINT-LAUREINS', 9980),
(2265, 'Sint-Laureins-Berchem', 1600),
(2266, 'Sint-Lenaarts', 2960),
(2267, 'Sint-Lievens-Esse', 9550),
(2268, 'SINT-LIEVENS-HOUTEM', 9520),
(2269, 'Sint-Margriete', 9981),
(2270, 'Sint-Margriete-Houtem', 3300),
(2271, 'Sint-Margriete-Houtem', 3470),
(2272, 'Sint-Maria-Horebeke', 9667),
(2273, 'Sint-Maria-Latem', 9630),
(2274, 'Sint-Maria-Lierde', 9570),
(2275, 'Sint-Maria-Oudenhove', 9620),
(2276, 'Sint-Maria-Oudenhove', 9660),
(2277, 'Sint-Martens-Bodegem', 1700),
(2278, 'SINT-MARTENS-LATEM', 9830),
(2279, 'Sint-Martens-Leerne', 9800),
(2280, 'Sint-Martens-Lennik', 1750),
(2281, 'Sint-Martens-Lierde', 9572),
(2282, 'Sint-Martens-Voeren', 3790),
(2283, 'Sint-Michiels', 8200),
(2284, 'SINT-NIKLAAS', 9100),
(2285, 'Sint-Pauwels', 9170),
(2286, 'Sint-Pieters-Kapelle', 1541),
(2287, 'Sint-Pieters-Kapelle', 8433),
(2288, 'SINT-PIETERS-LEEUW', 1600),
(2289, 'Sint-Pieters-Rode', 3220),
(2290, 'Sint-Pieters-Voeren', 3792),
(2291, 'SINT-PIETERS-WOLUWE', 1150),
(2292, 'Sint-Rijkers', 8690),
(2293, 'Sint-Stevens-Woluwe', 1932),
(2294, 'SINT-TRUIDEN', 3800),
(2295, 'Sint-Ulriks-Kapelle', 1700),
(2297, 'Sippenaeken', 4851),
(2298, 'Sirault', 7332),
(2299, 'Sivry', 6470),
(2300, 'SIVRY-RANCE', 6470),
(2301, 'Sleidinge', 9940),
(2302, 'Slijpe', 8433),
(2303, 'Slins', 4450),
(2304, 'Sluizen', 3700),
(2305, 'Smeerebbe-Vloerzegem', 9506),
(2306, 'Smetlede', 9340),
(2307, 'Smuid', 6890),
(2308, 'Snaaskerke', 8470),
(2309, 'Snellegem', 8490),
(2310, 'Soheit-Tinlot', 4557),
(2311, 'Sohier', 6920),
(2312, 'SOIGNIES', 7060),
(2313, 'Soiron', 4861),
(2314, 'Solre-Saint-G?ry', 6500),
(2315, 'Solre-Sur-Sambre', 6560),
(2316, 'SOMBREFFE', 5140),
(2317, 'SOMME-LEUZE', 5377),
(2318, 'Sommethonne', 6769),
(2319, 'Sommi?re', 5523),
(2320, 'Somz?e,Ja', 5651),
(2321, 'Sor?e,Ja', 5340),
(2322, 'Sorinne-La-Longue', 5333),
(2323, 'Sorinnes', 5503),
(2324, 'Sosoye', 5537),
(2325, 'Sougn?-Remouchamps', 4920),
(2326, 'Soulme', 5680),
(2327, 'SOUMAGNE', 4630),
(2328, 'Soumoy', 5630),
(2329, 'Sourbrodt', 4950),
(2330, 'Souvret', 6182),
(2331, 'Sovet', 5590),
(2332, 'Soy', 6997),
(2333, 'Soye', 5150),
(2334, 'SPA', 4900),
(2335, 'Spalbeek', 3510),
(2336, 'Spiennes', 7032),
(2337, 'Spiere', 8587),
(2338, 'SPIERE-HELKIJN', 8587),
(2339, 'Spontin', 5530),
(2340, 'SPRIMONT', 4140),
(2341, 'Spy', 5190),
(2342, 'STABROEK', 2940),
(2343, 'STADEN', 8840),
(2344, 'Stalhille', 8490),
(2345, 'Stambruges', 7973),
(2346, 'Stave', 5646),
(2347, 'Stavele', 8691),
(2348, 'STAVELOT', 4970),
(2349, 'Steendorp', 9140),
(2350, 'Steenhuffel', 1840),
(2351, 'Steenhuize-Wijnhuize', 9550),
(2352, 'Steenkerke', 8630),
(2353, 'Steenkerque', 7090),
(2354, 'STEENOKKERZEEL', 1820),
(2355, 'STEKENE', 9190),
(2356, 'Stembert', 4801),
(2357, 'Stene', 8400),
(2358, 'Sterrebeek', 1933),
(2359, 'Stevoort', 3512),
(2360, 'Stokkem', 3650),
(2361, 'Stokrooie', 3511),
(2362, 'STOUMONT', 4987),
(2363, 'Straimont', 6887),
(2364, 'Str?e,Ja', 6511),
(2365, 'Str?e-Lez-Huy', 4577),
(2366, 'Str?py-Bracquegnies', 7110),
(2367, 'Strijpen', 9620),
(2368, 'Strijtem', 1760),
(2369, 'Strombeek-Bever', 1853),
(2370, 'Stuivekenskerke', 8600),
(2371, 'Suarl?e,Ja', 5020),
(2372, 'Sugny', 5550),
(2373, 'Surice', 5600),
(2374, 'Suxy', 6812),
(2375, 'Tailles', 6661),
(2376, 'Taintignies', 7618),
(2377, 'Tamines', 5060),
(2378, 'Tarcienne', 5651),
(2379, 'Tavier', 4163),
(2380, 'Taviers', 5310),
(2381, 'Tavigny', 6662),
(2382, 'TELLIN', 6927),
(2383, 'Templeuve', 7520),
(2384, 'Temploux', 5020),
(2385, 'TEMSE', 9140),
(2386, 'TENNEVILLE', 6970),
(2387, 'Teralfene', 1790),
(2388, 'Terhagen', 2840),
(2389, 'Termes', 6813),
(2390, 'TERNAT', 1740),
(2391, 'Tertre', 7333),
(2392, 'TERVUREN', 3080),
(2393, 'Terwagne', 4560),
(2394, 'TESSENDERLO', 3980),
(2395, 'Testelt', 3272),
(2396, 'Teuven', 3793),
(2397, 'THEUX', 4910),
(2398, 'Thiaumont', 6717),
(2399, 'Thieu', 7070),
(2400, 'Thieulain', 7901),
(2401, 'Thieusies', 7061),
(2402, 'Thim?on', 6230),
(2403, 'Thimister', 4890),
(2404, 'THIMISTER-CLERMONT', 4890),
(2405, 'Thimougies', 7533),
(2406, 'Thines', 1402),
(2407, 'Thirimont', 6500),
(2408, 'Thisnes', 4280),
(2409, 'Thommen', 4791),
(2410, 'Thon', 5300),
(2411, 'Thorembais-Les-B?guines', 1360),
(2412, 'Thorembais-Saint-Trond', 1360),
(2413, 'Thoricourt', 7830),
(2414, 'Thuillies', 6536),
(2415, 'THUIN', 6530),
(2416, 'Thulin', 7350),
(2417, 'Thumaide', 7971),
(2418, 'Thy-Le-Baudouin', 5621),
(2419, 'Thy-Le-Ch?teau', 5651),
(2420, 'Thynes', 5502),
(2421, 'Thys', 4367),
(2422, 'Tiegem', 8573),
(2423, 'Tielen', 2460),
(2424, 'Tielrode', 9140),
(2425, 'Tielt', 3390),
(2426, 'TIELT', 8700),
(2427, 'TIELT-WINGE', 3390),
(2428, 'TIENEN', 3300),
(2429, 'Tign?e,Ja', 4630),
(2430, 'Tihange', 4500),
(2431, 'Tildonk', 3150),
(2432, 'Tilff', 4130),
(2433, 'Tillet', 6680),
(2434, 'Tilleur', 4420),
(2435, 'Tillier', 5380),
(2436, 'Tilly', 1495),
(2437, 'TINLOT', 4557),
(2438, 'Tintange', 6637),
(2439, 'TINTIGNY', 6730),
(2440, 'Tisselt', 2830),
(2441, 'Toernich', 6700),
(2442, 'Tohogne', 6941),
(2443, 'Tollembeek', 1570),
(2444, 'TONGEREN', 3700),
(2445, 'Tongerlo', 2260),
(2446, 'Tongerlo', 3960),
(2447, 'Tongre-Notre-Dame', 7951),
(2448, 'Tongre-Saint-Martin', 7950),
(2449, 'Tongrinne', 5140),
(2450, 'Tontelange', 6717),
(2451, 'Torgny', 6767),
(2452, 'TORHOUT', 8820),
(2453, 'Tourinne', 4263),
(2454, 'Tourinnes-La-Grosse', 1320),
(2455, 'Tourinnes-Saint-Lambert', 1457),
(2456, 'TOURNAI', 7500),
(2457, 'Tournay', 6840),
(2458, 'Tourpes', 7904),
(2459, 'Transinne', 6890),
(2460, 'Trazegnies', 6183),
(2461, 'Treignes', 5670),
(2462, 'Trembleur', 4670),
(2463, 'TREMELO', 3120),
(2464, 'Trivi?res', 7100),
(2465, 'Trogn?e,Ja', 4280),
(2466, 'TROIS-PONTS', 4980),
(2467, 'TROOZ', 4870),
(2468, 'TUBIZE', 1480),
(2469, 'TURNHOUT', 2300),
(2470, 'Ucimont', 6833),
(2471, 'Uikhoven', 3631),
(2472, 'Uitbergen', 9290),
(2473, 'Uitkerke', 8370),
(2474, 'UKKEL', 1180),
(2475, 'Ulbeek', 3832),
(2476, 'Upigny', 5310),
(2477, 'Ursel', 9910),
(2478, 'Vaalbeek', 3054),
(2479, 'Val-Meer', 3770),
(2480, 'Vance', 6741),
(2481, 'Varendonk', 2431),
(2482, 'Varsenare', 8490),
(2483, 'Vaucelles', 5680),
(2484, 'Vaulx', 7536),
(2485, 'Vaulx-Lez-Chimay', 6462),
(2486, 'Vaux-Chavanne', 6960),
(2487, 'Vaux-Et-Borset', 4530),
(2488, 'Vaux-Lez-Rosi?res', 6640),
(2489, 'Vaux-Sous-Ch?vremont', 4051),
(2490, 'VAUX-SUR-S?RE', 6640),
(2491, 'Vechmaal', 3870),
(2492, 'Vedrin', 5020),
(2493, 'Veerle', 2431),
(2494, 'Velaine-Sur-Sambre', 5060),
(2495, 'Velaines', 7760),
(2496, 'Veldegem', 8210),
(2497, 'Veldwezelt', 3620),
(2498, 'Vellereille-Le-Sec', 7120),
(2499, 'Vellereille-Les-Brayeux', 7120),
(2500, 'Velm', 3806),
(2501, 'Velroux', 4460),
(2502, 'Veltem-Beisem', 3020),
(2503, 'Velzeke-Ruddershove', 9620),
(2504, 'Vencimont', 5575),
(2506, 'Vergnies', 6440),
(2507, 'VERLAINE', 4537),
(2508, 'Verl?e,Ja', 5370),
(2509, 'Verrebroek', 9130),
(2510, 'Vertrijk', 3370),
(2511, 'VERVIERS', 4800),
(2512, 'Vesqueville', 6870),
(2513, 'Veulen', 3870),
(2514, 'VEURNE', 8630),
(2515, 'Vezin', 5300),
(2516, 'Vezon', 7538),
(2517, 'Viane', 9500),
(2518, 'Vichte', 8570),
(2519, 'VIELSALM', 6690),
(2520, 'Viemme', 4317),
(2521, 'Viersel', 2240),
(2522, 'Vierset-Barse', 4577),
(2523, 'Vierves-Sur-Viroin', 5670),
(2524, 'Viesville', 6230),
(2525, 'Vieux-Genappe', 1472),
(2526, 'Vieux-Waleffe', 4530),
(2527, 'Vieuxville', 4190),
(2528, 'Villance', 6890),
(2529, 'Ville-En-Hesbaye', 4260),
(2530, 'Ville-Pommeroeul', 7322),
(2531, 'Ville-Sur-Haine', 7070),
(2532, 'Villerot', 7334),
(2533, 'Villers-Aux-Tours', 4161),
(2534, 'Villers-Deux-Eglises', 5630),
(2535, 'Villers-Devant-Orval', 6823),
(2536, 'Villers-En-Fagne', 5600),
(2537, 'Villers-L\'Ev?que', 4340),
(2538, 'Villers-La-Bonne-Eau', 6600),
(2539, 'Villers-La-Loue', 6769),
(2540, 'Villers-La-Tour', 6460),
(2541, 'VILLERS-LA-VILLE', 1495),
(2542, 'VILLERS-LE-BOUILLET', 4530),
(2543, 'Villers-Le-Gambon', 5600),
(2544, 'Villers-Le-Peuplier', 4280),
(2545, 'Villers-Le-Temple', 4550),
(2546, 'Villers-Lez-Heest', 5080),
(2547, 'Villers-Notre-Dame', 7812),
(2548, 'Villers-Perwin', 6210),
(2549, 'Villers-Poterie', 6280),
(2550, 'Villers-Saint-Amand', 7812),
(2551, 'Villers-Saint-Ghislain', 7031),
(2552, 'Villers-Saint-Sim?on', 4453),
(2553, 'Villers-Sainte-Gertrude', 6941),
(2554, 'Villers-Sur-Lesse', 5580),
(2555, 'Villers-Sur-Semois', 6740),
(2556, 'VILVOORDE', 1800),
(2557, 'Vinalmont', 4520),
(2558, 'Vinderhoute', 9921),
(2559, 'Vinkem', 8630),
(2560, 'Vinkt', 9800),
(2561, 'Virelles', 6461),
(2562, 'Virginal-Samme', 1460),
(2563, 'VIROINVAL', 5670),
(2564, 'VIRTON', 6760),
(2565, 'VIS?,Neen', 4600),
(2566, 'Vissenaken', 3300),
(2567, 'Vitrine Magique', 7511),
(2568, 'Vitrival', 5070),
(2569, 'Vivegnis', 4683),
(2570, 'Vivy', 6833),
(2572, 'Vladslo', 8600),
(2573, 'Vlamertinge', 8908),
(2574, 'Vlekkem', 9420),
(2575, 'VLETEREN', 8640),
(2576, 'Vlezenbeek', 1602),
(2577, 'Vliermaal', 3724),
(2578, 'Vliermaalroot', 3721),
(2579, 'Vlierzele', 9520),
(2580, 'Vlijtingen', 3770),
(2581, 'Vlimmeren', 2340),
(2582, 'Vlissegem', 8421),
(2583, 'VLOESBERG', 7880),
(2584, 'Vodec?e,Ja', 5600),
(2585, 'Vodel?e,Ja', 5680),
(2586, 'VOEREN', 3790),
(2587, 'Vogen?e,Ja', 5650),
(2588, 'Volkegem', 9700),
(2589, 'Vollezele', 1570),
(2590, 'Von?che', 5570),
(2591, 'Voorde', 9400),
(2592, 'Voormezele', 8902),
(2593, 'Voort', 3840),
(2594, 'Voroux-Goreux', 4347),
(2595, 'Voroux-Lez-Liers', 4451),
(2596, 'VORSELAAR', 2290),
(2597, 'Vorsen', 3890),
(2598, 'VORST', 1190),
(2599, 'Vorst', 2430),
(2600, 'VOSSELAAR', 2350),
(2601, 'Vosselare', 9850),
(2602, 'Vossem', 3080),
(2603, 'Vottem', 4041),
(2604, 'Vrasene', 9120),
(2605, 'Vremde', 2531),
(2606, 'Vreren', 3700),
(2607, 'VRESSE-SUR-SEMOIS', 5550),
(2608, 'Vroenhoven', 3770),
(2609, 'VRT', 1043),
(2610, 'VTM', 1818),
(2611, 'Vucht', 3630),
(2612, 'Vurste', 9890),
(2613, 'Vyle-Et-Tharoul', 4570),
(2614, 'Waanrode', 3473),
(2615, 'Waarbeke', 9506),
(2616, 'Waardamme', 8020),
(2617, 'Waarloos', 2550),
(2618, 'Waarmaarde', 8581),
(2619, 'Waarschoot', 9950),
(2620, 'Waasmont', 3401),
(2621, 'WAASMUNSTER', 9250),
(2622, 'Waasten', 7784),
(2623, 'WACHTEBEKE', 9185),
(2624, 'Wadelincourt', 7971),
(2625, 'Wagnel?e,Ja', 6223),
(2626, 'Waha', 6900),
(2627, 'Waillet', 5377),
(2628, 'Wakken', 8720),
(2629, 'WALCOURT', 5650),
(2630, 'Walem', 2800),
(2631, 'WALHAIN', 1457),
(2632, 'Walhain-Saint-Paul', 1457),
(2633, 'Walhorn', 4711),
(2634, 'Walsbets', 3401),
(2635, 'Walshoutem', 3401),
(2636, 'Waltwilder', 3740),
(2637, 'Wambeek', 1741),
(2638, 'Wancennes', 5570),
(2639, 'Wandre', 4020),
(2640, 'Wanferc?e-Baulet', 6224),
(2641, 'Wange', 3400),
(2642, 'Wangenies', 6220),
(2643, 'Wanlin', 5564),
(2644, 'Wanne', 4980),
(2645, 'Wannebecq', 7861),
(2646, 'Wannegem-Lede', 9772),
(2647, 'Wansin', 4280),
(2648, 'WANZE', 4520),
(2649, 'Wanzele', 9340),
(2650, 'Warchin', 7548),
(2651, 'Warcoing', 7740),
(2652, 'Wardin', 6600),
(2653, 'WAREGEM', 8790),
(2654, 'WAREMME', 4300),
(2655, 'Waret-L\'Ev?que', 4217),
(2656, 'Waret-La-Chauss?e,Ja', 5310),
(2657, 'Warisoulx', 5080),
(2658, 'Warnant', 5537),
(2659, 'Warnant-Dreye', 4530),
(2660, 'Warquignies', 7340),
(2661, 'Warsage', 4608),
(2662, 'Warz?e,Ja', 4590),
(2663, 'Wasmes', 7340),
(2664, 'Wasmes-Audemez-Briffoeil', 7604),
(2665, 'Wasmuel', 7390),
(2666, 'WASSEIGES', 4219),
(2667, 'Waterland-Oudeman', 9988),
(2668, 'WATERLOO', 1410),
(2669, 'WATERMAAL-BOSVOORDE', 1170),
(2670, 'Watervliet', 9988),
(2671, 'Watou', 8978),
(2672, 'Wattripont', 7910),
(2673, 'Waudrez', 7131),
(2674, 'Waulsort', 5540),
(2675, 'Wauthier-Braine', 1440),
(2676, 'WAVRE', 1300),
(2677, 'Wavreille', 5580),
(2678, 'Wayaux', 6210),
(2679, 'Ways', 1474),
(2680, 'Webbekom', 3290),
(2681, 'Wechelderzande', 2275),
(2682, 'Weelde', 2381),
(2683, 'Weerde', 1982),
(2684, 'Weert', 2880),
(2685, 'Wegnez', 4860),
(2686, 'Weillen', 5523),
(2687, 'WEISMES', 4950),
(2688, 'Welden', 9700),
(2689, 'WELKENRAEDT', 4840),
(2690, 'Welle', 9473),
(2691, 'WELLEN', 3830),
(2692, 'WELLIN', 6920),
(2693, 'WEMMEL', 1780),
(2694, 'Wenduine', 8420),
(2695, 'W?pion', 5100),
(2696, 'Werbomont', 4190),
(2697, 'Werchter', 3118),
(2698, 'W?ris', 6940),
(2699, 'Werken', 8610),
(2700, 'Werm', 3730),
(2701, 'WERVIK', 8940),
(2702, 'Wespelaar', 3150),
(2703, 'Westende', 8434),
(2704, 'WESTERLO', 2260),
(2705, 'Westkapelle', 8300),
(2706, 'Westkerke', 8460),
(2707, 'Westmalle', 2390),
(2708, 'Westmeerbeek', 2235),
(2709, 'Westouter', 8954),
(2710, 'Westrem', 9230),
(2711, 'Westrozebeke', 8840),
(2712, 'Westvleteren', 8640),
(2713, 'WETTEREN', 9230),
(2714, 'WEVELGEM', 8560),
(2715, 'Wez-Velvain', 7620),
(2716, 'Wezemaal', 3111),
(2717, 'WEZEMBEEK-OPPEM', 1970),
(2718, 'Wezeren', 3401),
(2719, 'Wibrin', 6666),
(2720, 'WICHELEN', 9260),
(2721, 'Widooie', 3700),
(2722, 'Wiekevorst', 2222),
(2723, 'WIELSBEKE', 8710),
(2724, 'Wierde', 5100),
(2725, 'Wiers', 7608),
(2726, 'Wiesme', 5571),
(2727, 'Wieze', 9280),
(2728, 'Wih?ries', 7370),
(2729, 'Wihogne', 4452),
(2730, 'Wijchmaal', 3990),
(2731, 'Wijer', 3850),
(2732, 'Wijgmaal', 3018),
(2733, 'WIJNEGEM', 2110),
(2734, 'Wijshagen', 3670),
(2735, 'Wijtschate', 8953),
(2736, 'Wilderen', 3803),
(2737, 'Willaupuis', 7904),
(2738, 'Willebringen', 3370),
(2739, 'WILLEBROEK', 2830),
(2740, 'Willemeau', 7506),
(2741, 'Willerzie', 5575),
(2742, 'Wilrijk', 2610),
(2743, 'Wilsele', 3012),
(2744, 'Wilskerke', 8431),
(2745, 'Wimmertingen', 3501),
(2746, 'Winenne', 5570),
(2747, 'WINGENE', 8750),
(2748, 'Winksele', 3020),
(2749, 'Wintershoven', 3722),
(2750, 'Witry', 6860),
(2751, 'Wodecq', 7890),
(2752, 'Woesten', 8640),
(2753, 'Wolkrange', 6780),
(2754, 'Wolvertem', 1861),
(2755, 'WOMMELGEM', 2160),
(2756, 'Wommersom', 3350),
(2757, 'Wonck', 4690),
(2758, 'Wondelgem', 9032),
(2759, 'Wontergem', 9800),
(2760, 'Wortegem', 9790),
(2761, 'WORTEGEM-PETEGEM', 9790),
(2762, 'Wortel', 2323),
(2763, 'Woubrechtegem', 9550),
(2764, 'Woumen', 8600),
(2765, 'Wulpen', 8670),
(2766, 'Wulvergem', 8952),
(2767, 'Wulveringem', 8630),
(2768, 'WUUSTWEZEL', 2990),
(2769, 'Xhendelesse', 4652),
(2770, 'Xhendremael', 4432),
(2771, 'Xhoris', 4190),
(2772, 'Yern?e-Fraineux', 4550),
(2773, 'Yves Rocher', 7512),
(2774, 'Yves Rocher', 7513),
(2775, 'Yves-Gomez?e,Ja', 5650),
(2776, 'YVOIR', 5530),
(2777, 'Zaffelare', 9080),
(2778, 'Zandbergen', 9506),
(2779, 'Zande', 8680),
(2780, 'ZANDHOVEN', 2240),
(2781, 'Zandvliet', 2040),
(2782, 'Zandvoorde', 8400),
(2783, 'Zandvoorde', 8980),
(2784, 'Zarlardinge', 9500),
(2785, 'Zarren', 8610),
(2786, 'ZAVENTEM', 1930),
(2787, 'ZEDELGEM', 8210),
(2788, 'Zeebrugge', 8380),
(2789, 'Zegelsem', 9660),
(2790, 'ZELE', 9240),
(2791, 'Zelem', 3545),
(2792, 'Zellik', 1731),
(2793, 'ZELZATE', 9060),
(2794, 'ZEMST', 1980),
(2795, 'Zepperen', 3800),
(2796, 'Zerkegem', 8490),
(2797, 'Z?trud-Lumay', 1370),
(2798, 'Zevekote', 8470),
(2799, 'Zeveneken', 9080),
(2800, 'Zeveren', 9800),
(2801, 'Zevergem', 9840),
(2802, 'Zichem', 3271),
(2803, 'Zichen-Zussen-Bolder', 3770),
(2804, 'Zillebeke', 8902),
(2805, 'Zingem', 9750),
(2806, 'Zoerle-Parwijs', 2260),
(2807, 'ZOERSEL', 2980),
(2808, 'Zolder', 3550),
(2809, 'Zomergem', 9930),
(2810, 'ZONHOVEN', 3520),
(2811, 'ZONNEBEKE', 8980),
(2812, 'Zonnegem', 9520),
(2813, 'ZOTTEGEM', 9620),
(2814, 'Zoutenaaie', 8630),
(2815, 'ZOUTLEEUW', 3440),
(2816, 'Zuidschote', 8904),
(2817, 'ZUIENKERKE', 8377),
(2818, 'ZULTE', 9870),
(2819, 'Zulzeke', 9690),
(2820, 'ZUTENDAAL', 3690),
(2821, 'ZWALM', 9630),
(2822, 'ZWEVEGEM', 8550),
(2823, 'Zwevezele', 8750),
(2824, 'Zwijnaarde', 9052),
(2825, 'ZWIJNDRECHT', 2070);

-- --------------------------------------------------------

--
-- Tabelstructuur voor tabel `reistypes`
--

CREATE TABLE `reistypes` (
  `reisTypeId` int(11) NOT NULL,
  `reisType` varchar(64) NOT NULL
) ENGINE=InnoDB DEFAULT CHARSET=utf8mb4;

--
-- Gegevens worden geëxporteerd voor tabel `reistypes`
--

INSERT INTO `reistypes` (`reisTypeId`, `reisType`) VALUES
(1, 'Zomer reizen'),
(2, 'winter reizen'),
(3, 'city trips');

-- --------------------------------------------------------

--
-- Tabelstructuur voor tabel `reizen`
--

CREATE TABLE `reizen` (
  `reisNummer` int(11) NOT NULL,
  `luchthaven` varchar(3) NOT NULL,
  `bestemmingsId` int(11) NOT NULL,
  `hotelId` int(11) NOT NULL,
  `reisTypeId` int(11) NOT NULL,
  `reisOmschrijving` varchar(255) NOT NULL,
  `prijs` varchar(64) NOT NULL
) ENGINE=InnoDB DEFAULT CHARSET=utf8mb4;

--
-- Gegevens worden geëxporteerd voor tabel `reizen`
--

INSERT INTO `reizen` (`reisNummer`, `luchthaven`, `bestemmingsId`, `hotelId`, `reisTypeId`, `reisOmschrijving`, `prijs`) VALUES
(1, 'MAD', 1, 1, 3, 'Tryp Atocha werd ondergebracht in een vorstelijk 18de-eeuws gebouw en ademt nog steeds de klasse en grandeur van destijds uit. Bovendien is het prima gelegen voor je ontdekkingstocht in Madrid. Struin zeker eens rond in de gezellige wijk rond Plaza Santa ', '77'),
(2, 'FCO', 2, 2, 3, 'dit hotel situeert zich op 100 m van de Quattro Fontane, vier barokke fonteinen die zich op het kruispunt van de Via del Quirinale en de Via delle Quattro Fontane bevinden. De Trevi-fontein ligt op 600 m, de Spaanse trappen op 800 m. U logeert hier op enk', '59'),
(3, 'KRK', 3, 3, 3, 'Krakau was ooit de hoofdstad van Polen. Tijdens de Tweede Wereldoorlog is de stad bijna niet gedeerd, dit heeft ervoor gezorgd dat er veel architectuur van vroeger gespaard is gebleven. Dit is ook de rede dat Krakau op de werelderfgoed lijst staat. Genoeg', '51'),
(4, 'SZG', 4, 4, 3, 'e mag ons geloven wanneer we zeggen dat Salzburg de meest bijzondere stad van Oostenrijk is. De inwoners van Wenen zullen dit niet graag horen. Meer dan twee eeuwen na zijn dood is Wolfgang Amadeus Mozart nog steeds de toeristische ambassadeur bij uitstek', '69'),
(5, 'MLA', 5, 5, 3, 'De hoofdstad Valletta is absoluut niet groot, het is zelfs de kleinste van Europa, en je kan ze dus best te voet verkennen. De meeste trekpleisters liggen in de buurt van de Republic Street, dus veel kilometers hoef je niet af te leggen. Zo heb je er de k', '77'),
(6, 'KGS', 6, 6, 1, 'Het sfeervolle Apollon Hotel is een 4-sterren aparthotel op het Griekse eiland Kos. Tot rust komen aan het verkoelende zwembad, genieten van het heerlijke All Inclusive concept en de gezelligheid van het karakteristieke Kos-Stad opzoeken behoren stuk voor', '487'),
(7, 'FAO', 7, 7, 1, 'Clube Alvor Ferias is een vriendelijk en charmant resort in Alvor en vlak bij het strand. De studio\'s en appartementen zijn goed uitgerust en bieden ruimte voor het hele gezin. Met activiteiten overdag en entertainment in de avonden is er genoeg te doen v', '411'),
(8, 'TFS', 8, 8, 2, 'Tenerife is een eiland waar je geniet van het zicht op vulkanische maanlandschappen en dramatische kliffen en wandeltochtjes maakt door vissersdorpjes zoals Abades. In El Medano vind je dan weer het mooiste strand van het eiland, dat in twee wordt gesplit', '570');

-- --------------------------------------------------------

--
-- Tabelstructuur voor tabel `reviews`
--

CREATE TABLE `reviews` (
  `reviewId` int(11) NOT NULL,
  `reviewBericht` varchar(255) NOT NULL,
  `reviewScore` int(1) NOT NULL,
  `reviewDatum` timestamp NOT NULL DEFAULT current_timestamp() ON UPDATE current_timestamp()
) ENGINE=InnoDB DEFAULT CHARSET=utf8mb4;

--
-- Gegevens worden geëxporteerd voor tabel `reviews`
--

INSERT INTO `reviews` (`reviewId`, `reviewBericht`, `reviewScore`, `reviewDatum`) VALUES
(1, 'Comfortabele, schone en goed onderhouden kamer, vriendelijk en attent personeel, prachtig historisch gebouw.\r\nDicht bij het centrum van Madrid, het metrostation voor de deur en het vervoersknooppunt Atocha op loopafstand.', 4, '2020-05-14 12:34:23'),
(2, 'leuke ligging van hotel aan strand en zeer centraal (tussen Adeje en Los Christianos). Keerzijde is dat hotel naast uitgangsbuurt ligt en er \'s avonds wel nachtlawaai kan zijn, dus steeds vragen naar rustige kamer want niet alle kamers hebben er last van.', 3, '2020-05-14 18:45:23'),
(3, 'Het hotel voldeed niet aan de verwachting die wij hadden. de muren en meubels waren in een verwaarloosde staat.\r\nHet personeel was zeer vriendelijke, toch krijgt men de indruk dat het hotel aaan zijn lot is overgelaten tegen over andere hotels van deze ke', 1, '2020-05-24 13:22:07'),
(4, '', 0, '2020-05-28 15:47:11');

-- --------------------------------------------------------

--
-- Structuur voor de view `klantnaaminreviews`
--
DROP TABLE IF EXISTS `klantnaaminreviews`;

CREATE ALGORITHM=UNDEFINED DEFINER=`root`@`localhost` SQL SECURITY DEFINER VIEW `klantnaaminreviews`  AS  select `klanten`.`klantNaam` AS `klantNaam` from ((`klanten` join `klantenreviews` on(`klanten`.`klantNummer` = `klantenreviews`.`klantNummer`)) join `reviews` on(`klantenreviews`.`reviewId` = `reviews`.`reviewId`)) ;

--
-- Indexen voor geëxporteerde tabellen
--

--
-- Indexen voor tabel `bestemmingen`
--
ALTER TABLE `bestemmingen`
  ADD PRIMARY KEY (`bestemmingsId`);

--
-- Indexen voor tabel `boekingen`
--
ALTER TABLE `boekingen`
  ADD PRIMARY KEY (`boekingsId`);

--
-- Indexen voor tabel `hotel`
--
ALTER TABLE `hotel`
  ADD PRIMARY KEY (`hotelId`);

--
-- Indexen voor tabel `klanten`
--
ALTER TABLE `klanten`
  ADD PRIMARY KEY (`klantNummer`),
  ADD KEY `plaatsId` (`plaatsId`);

--
-- Indexen voor tabel `klantenreizen`
--
ALTER TABLE `klantenreizen`
  ADD KEY `klantNummer` (`klantNummer`),
  ADD KEY `reisNummer` (`reisNummer`),
  ADD KEY `boekingsId` (`boekingsId`);

--
-- Indexen voor tabel `klantenreviews`
--
ALTER TABLE `klantenreviews`
  ADD KEY `klantNummer` (`klantNummer`),
  ADD KEY `reisNummer` (`reisNummer`),
  ADD KEY `reviewId` (`reviewId`);

--
-- Indexen voor tabel `plaatsen`
--
ALTER TABLE `plaatsen`
  ADD PRIMARY KEY (`plaatsId`);

--
-- Indexen voor tabel `reistypes`
--
ALTER TABLE `reistypes`
  ADD PRIMARY KEY (`reisTypeId`);

--
-- Indexen voor tabel `reizen`
--
ALTER TABLE `reizen`
  ADD PRIMARY KEY (`reisNummer`),
  ADD KEY `hotelId` (`hotelId`),
  ADD KEY `bestemmingId` (`bestemmingsId`),
  ADD KEY `reisTypeId` (`reisTypeId`);

--
-- Indexen voor tabel `reviews`
--
ALTER TABLE `reviews`
  ADD PRIMARY KEY (`reviewId`);

--
-- AUTO_INCREMENT voor geëxporteerde tabellen
--

--
-- AUTO_INCREMENT voor een tabel `bestemmingen`
--
ALTER TABLE `bestemmingen`
  MODIFY `bestemmingsId` int(11) NOT NULL AUTO_INCREMENT, AUTO_INCREMENT=9;

--
-- AUTO_INCREMENT voor een tabel `boekingen`
--
ALTER TABLE `boekingen`
  MODIFY `boekingsId` int(11) NOT NULL AUTO_INCREMENT, AUTO_INCREMENT=4;

--
-- AUTO_INCREMENT voor een tabel `hotel`
--
ALTER TABLE `hotel`
  MODIFY `hotelId` int(11) NOT NULL AUTO_INCREMENT, AUTO_INCREMENT=9;

--
-- AUTO_INCREMENT voor een tabel `klanten`
--
ALTER TABLE `klanten`
  MODIFY `klantNummer` int(11) NOT NULL AUTO_INCREMENT, AUTO_INCREMENT=20;

--
-- AUTO_INCREMENT voor een tabel `plaatsen`
--
ALTER TABLE `plaatsen`
  MODIFY `plaatsId` int(11) NOT NULL AUTO_INCREMENT, AUTO_INCREMENT=2826;

--
-- AUTO_INCREMENT voor een tabel `reistypes`
--
ALTER TABLE `reistypes`
  MODIFY `reisTypeId` int(11) NOT NULL AUTO_INCREMENT, AUTO_INCREMENT=4;

--
-- AUTO_INCREMENT voor een tabel `reizen`
--
ALTER TABLE `reizen`
  MODIFY `reisNummer` int(11) NOT NULL AUTO_INCREMENT, AUTO_INCREMENT=9;

--
-- AUTO_INCREMENT voor een tabel `reviews`
--
ALTER TABLE `reviews`
  MODIFY `reviewId` int(11) NOT NULL AUTO_INCREMENT, AUTO_INCREMENT=5;

--
-- Beperkingen voor geëxporteerde tabellen
--

--
-- Beperkingen voor tabel `klanten`
--
ALTER TABLE `klanten`
  ADD CONSTRAINT `klanten_ibfk_1` FOREIGN KEY (`plaatsId`) REFERENCES `plaatsen` (`plaatsId`);

--
-- Beperkingen voor tabel `klantenreizen`
--
ALTER TABLE `klantenreizen`
  ADD CONSTRAINT `klantenreizen_ibfk_1` FOREIGN KEY (`klantNummer`) REFERENCES `klanten` (`klantNummer`),
  ADD CONSTRAINT `klantenreizen_ibfk_2` FOREIGN KEY (`reisNummer`) REFERENCES `reizen` (`reisNummer`),
  ADD CONSTRAINT `klantenreizen_ibfk_3` FOREIGN KEY (`boekingsId`) REFERENCES `boekingen` (`boekingsId`);

--
-- Beperkingen voor tabel `klantenreviews`
--
ALTER TABLE `klantenreviews`
  ADD CONSTRAINT `klantenreviews_ibfk_1` FOREIGN KEY (`klantNummer`) REFERENCES `klanten` (`klantNummer`),
  ADD CONSTRAINT `klantenreviews_ibfk_2` FOREIGN KEY (`reisNummer`) REFERENCES `reizen` (`reisNummer`),
  ADD CONSTRAINT `klantenreviews_ibfk_3` FOREIGN KEY (`reviewId`) REFERENCES `reviews` (`reviewId`);

--
-- Beperkingen voor tabel `reizen`
--
ALTER TABLE `reizen`
  ADD CONSTRAINT `reizen_ibfk_2` FOREIGN KEY (`hotelId`) REFERENCES `hotel` (`hotelId`),
  ADD CONSTRAINT `reizen_ibfk_3` FOREIGN KEY (`bestemmingsId`) REFERENCES `bestemmingen` (`bestemmingsId`),
  ADD CONSTRAINT `reizen_ibfk_4` FOREIGN KEY (`reisTypeId`) REFERENCES `reistypes` (`reisTypeId`);
COMMIT;

/*!40101 SET CHARACTER_SET_CLIENT=@OLD_CHARACTER_SET_CLIENT */;
/*!40101 SET CHARACTER_SET_RESULTS=@OLD_CHARACTER_SET_RESULTS */;
/*!40101 SET COLLATION_CONNECTION=@OLD_COLLATION_CONNECTION */;
